{"epoch": [5, 10, 15, 20, 25, 30, 35, 40, 45, 50, 55, 60, 65, 70, 75, 80, 85, 90, 95, 100, 105, 110, 115, 120, 125, 130, 135, 140, 145, 150, 155, 160, 165, 170, 175, 180, 185, 190, 195, 200, 205, 210, 215, 220, 225, 230, 235, 240, 245, 250], "train_loss": [0.23994838818907738, 0.2223537154495716, 0.20875797420740128, 0.19601432979106903, 0.1861959844827652, 0.17517419159412384, 0.16472212970256805, 0.15539173036813736, 0.1460648961365223, 0.13588768243789673, 0.12649463303387165, 0.11882433667778969, 0.1107392106205225, 0.1040904801338911, 0.09468680433928967, 0.08737468346953392, 0.08066603727638721, 0.07391331158578396, 0.06799752451479435, 0.06501771695911884, 0.06362025905400515, 0.052367073483765125, 0.05375313572585583, 0.04538299608975649, 0.04208884947001934, 0.04244120605289936, 0.040132587775588036, 0.03318809811025858, 0.03354160347953439, 0.02936538401991129, 0.02976156212389469, 0.024892989546060562, 0.030754612758755684, 0.023120915982872248, 0.021479278337210417, 0.019721222575753927, 0.01754638645797968, 0.016593001317232847, 0.016245625913143158, 0.01945463288575411, 0.014718941878527403, 0.015007206937298179, 0.015534430742263794, 0.015867650974541903, 0.01112600532360375, 0.010680063627660275, 0.010582995135337114, 0.00945875234901905, 0.010817676782608032, 0.008486112230457366], "validation_loss": [0.00790671331267203, 0.00745715489310603, 0.007185902326337753, 0.00705943520992033, 0.006455881461020439, 0.00608704888051556, 0.005761668086051941, 0.005474852458123238, 0.005184299522830594, 0.004901726880381184, 0.004621543711231601, 0.004353006039896319, 0.004118962633994317, 0.0038352233748282154, 0.003607829011255695, 0.003371459101476977, 0.003155965958872149, 0.0029530227184295654, 0.0027320221547157534, 0.0025340059111195225, 0.0023665170996419846, 0.002242700707527899, 0.002080953890277493, 0.0019928415215784505, 0.0018573480267678538, 0.0017571246191378563, 0.0016672344457718633, 0.0016173215643052131, 0.0015249612831300305, 0.0014868262073686046, 0.0014170688246527025, 0.0014006384918766638, 0.0013221215096212203, 0.001305877681701414, 0.0012839097649820388, 0.0012521593561095575, 0.0012369858882119579, 0.0011972292296348079, 0.0011753457928857496, 0.0011460968563633581, 0.0011271306824299596, 0.0011006992670797532, 0.001067071912750121, 0.0010622322799698, 0.001032652032952155, 0.001025543337868106, 0.0010067888445431186, 0.0009853364599327888, 0.0009922996884392154, 0.0009722728282213211], "train_acc_arrows": [58.5576259489303, 70.39337474120082, 76.88060731538992, 82.19461697722568, 85.61076604554864, 88.81987577639751, 90.54520358868186, 92.7536231884058, 94.30641821946169, 95.0655624568668, 95.89371980676329, 96.58385093167702, 97.03243616287095, 97.3775017253278, 97.27398205659075, 97.688060731539, 97.9296066252588, 97.82608695652173, 97.82608695652173, 98.10213940648723, 98.24016563146998, 98.41269841269842, 98.4472049689441, 98.34368530020704, 98.86128364389234, 98.68875086266391, 98.82677708764666, 98.89579020013802, 98.9648033126294, 99.06832298136646, 99.17184265010351, 99.30986887508627, 99.17184265010351, 99.37888198757764, 99.37888198757764, 99.41338854382332, 99.58592132505176, 99.72394755003451, 99.65493443754313, 99.65493443754313, 99.79296066252587, 99.82746721877157, 99.7584541062802, 99.55141476880607, 99.86197377501725, 99.93098688750862, 99.82746721877157, 99.89648033126294, 99.93098688750862, 100.0], "validation_acc_arrows": [55.82047685834502, 64.09537166900421, 68.02244039270687, 72.9312762973352, 78.82187938288921, 82.88920056100982, 85.83450210378682, 88.92005610098177, 91.164095371669, 91.86535764375876, 92.42636746143059, 93.40813464235625, 93.40813464235625, 93.8288920056101, 94.3899018232819, 94.81065918653576, 95.37166900420758, 95.09116409537167, 95.79242636746143, 96.07293127629734, 96.21318373071529, 96.21318373071529, 96.35343618513323, 96.4936886395512, 96.7741935483871, 96.7741935483871, 96.63394109396914, 96.63394109396914, 96.4936886395512, 96.4936886395512, 96.63394109396914, 96.4936886395512, 96.4936886395512, 96.35343618513323, 96.4936886395512, 96.4936886395512, 96.35343618513323, 96.4936886395512, 96.35343618513323, 96.35343618513323, 96.4936886395512, 96.63394109396914, 96.63394109396914, 96.7741935483871, 96.91444600280505, 96.91444600280505, 96.7741935483871, 96.91444600280505, 96.91444600280505, 96.91444600280505], "train_acc_image": [0.0, 0.0, 0.0, 2.3809523809523836, 3.1746031746031744, 13.492063492063489, 19.047619047619047, 29.36507936507936, 34.12698412698413, 38.888888888888886, 48.412698412698404, 55.55555555555556, 54.761904761904766, 60.31746031746032, 60.31746031746032, 63.49206349206349, 62.698412698412696, 61.904761904761905, 60.31746031746032, 68.25396825396825, 69.04761904761905, 69.84126984126983, 72.22222222222221, 70.63492063492063, 76.98412698412699, 76.19047619047619, 76.19047619047619, 78.57142857142857, 80.15873015873017, 83.33333333333334, 82.53968253968253, 88.09523809523809, 84.12698412698413, 88.09523809523809, 87.3015873015873, 88.88888888888889, 92.06349206349206, 95.23809523809523, 93.65079365079364, 93.65079365079364, 96.82539682539682, 96.03174603174604, 94.44444444444444, 90.47619047619048, 96.82539682539682, 98.41269841269842, 97.61904761904762, 97.61904761904762, 98.41269841269842, 100.0], "validation_acc_image": [0.0, 0.0, 0.0, 0.0, 3.2258064516129004, 3.2258064516129004, 6.451612903225811, 12.903225806451612, 29.032258064516125, 29.032258064516125, 32.25806451612904, 41.93548387096774, 45.16129032258065, 45.16129032258065, 48.38709677419355, 48.38709677419355, 41.93548387096774, 41.93548387096774, 48.38709677419355, 48.38709677419355, 48.38709677419355, 48.38709677419355, 48.38709677419355, 48.38709677419355, 51.61290322580645, 51.61290322580645, 51.61290322580645, 51.61290322580645, 51.61290322580645, 51.61290322580645, 54.83870967741935, 51.61290322580645, 51.61290322580645, 48.38709677419355, 48.38709677419355, 48.38709677419355, 48.38709677419355, 48.38709677419355, 48.38709677419355, 48.38709677419355, 51.61290322580645, 51.61290322580645, 54.83870967741935, 54.83870967741935, 54.83870967741935, 54.83870967741935, 54.83870967741935, 54.83870967741935, 54.83870967741935, 54.83870967741935]}