{"epoch": [5, 10, 15, 20, 25, 30, 35, 40, 45, 50, 55, 60, 65, 70, 75, 80, 85, 90, 95, 100, 105, 110, 115, 120, 125, 130, 135, 140, 145, 150, 155, 160, 165, 170, 175, 180, 185, 190, 195, 200, 205, 210, 215, 220, 225, 230, 235, 240, 245, 250], "train_loss": [0.21494774892926216, 0.19079645350575447, 0.1750621385872364, 0.15725130960345268, 0.14351072907447815, 0.13810092955827713, 0.1216297298669815, 0.110913822427392, 0.10458186827600002, 0.09701885282993317, 0.08980178274214268, 0.07773743197321892, 0.07224930822849274, 0.06836524978280067, 0.06229336652904749, 0.05550634302198887, 0.05317725520581007, 0.049443021416664124, 0.045072393491864204, 0.039413788355886936, 0.036827907897531986, 0.0381214190274477, 0.030854009091854095, 0.031754089053720236, 0.02595810405910015, 0.02463972195982933, 0.021017848048359156, 0.02190008945763111, 0.019634800497442484, 0.01929139345884323, 0.02165188593789935, 0.014569315128028393, 0.014987652655690908, 0.014938409207388759, 0.011805359739810228, 0.012298115529119968, 0.01332757156342268, 0.010895980522036552, 0.011531931115314364, 0.008912080782465637, 0.009812706033699214, 0.00867090211249888, 0.008465123595669866, 0.007046637940220535, 0.008106173947453499, 0.006610033451579511, 0.007780138868838549, 0.006379461381584406, 0.005821935599669814, 0.006569243036210537], "validation_loss": [0.009377502969333104, 0.010115439338343484, 0.00971242572580065, 0.008113972842693329, 0.006750279771430152, 0.005577848425933293, 0.005144794072423663, 0.00475744903087616, 0.004468580441815513, 0.004221763195736068, 0.00390653099332537, 0.0036853147404534476, 0.0034432533596243176, 0.003243365990264075, 0.0030190572142601013, 0.002879780318055834, 0.0027142042028052466, 0.0026255007833242416, 0.0024297849408217837, 0.002337454685143062, 0.0022678173014095853, 0.00215384949530874, 0.002020147629082203, 0.0019224774358528002, 0.0018693382984825543, 0.0018158585631421634, 0.001840307643370969, 0.0016968328771846636, 0.0016618565257106508, 0.0015900821558066777, 0.0015491284430027008, 0.0016729751867907388, 0.001496213222188609, 0.0014901246343340193, 0.0014639504786048616, 0.0014645634219050407, 0.0014609516199145997, 0.0014265143711652075, 0.0013863431023699896, 0.0013566546674285615, 0.0013762413124952997, 0.001382907187300069, 0.0013735974207520485, 0.0013563068849699838, 0.001321778100516115, 0.0013517182586448534, 0.0012946285839591707, 0.001282296675656523, 0.0012935086020401546, 0.0012883046375853674], "train_acc_arrows": [77.32142857142857, 86.96428571428572, 90.77380952380952, 94.88095238095238, 96.54761904761905, 96.30952380952381, 97.5, 98.1547619047619, 98.03571428571428, 98.57142857142858, 98.75, 98.92857142857143, 98.98809523809524, 98.98809523809524, 99.22619047619048, 99.52380952380952, 99.46428571428572, 99.46428571428572, 99.40476190476191, 99.76190476190476, 99.70238095238095, 99.58333333333333, 99.76190476190476, 99.40476190476191, 99.88095238095238, 99.76190476190476, 99.82142857142857, 99.88095238095238, 99.88095238095238, 100.0, 99.94047619047619, 99.88095238095238, 99.88095238095238, 100.0, 100.0, 100.0, 99.94047619047619, 99.94047619047619, 99.88095238095238, 100.0, 100.0, 99.94047619047619, 100.0, 100.0, 100.0, 100.0, 99.94047619047619, 100.0, 100.0, 99.94047619047619], "validation_acc_arrows": [39.523809523809526, 40.476190476190474, 43.095238095238095, 61.1904761904762, 86.42857142857143, 94.52380952380952, 94.04761904761905, 95.23809523809523, 95.0, 95.23809523809523, 96.42857142857143, 95.71428571428572, 96.19047619047619, 95.71428571428572, 95.95238095238095, 96.19047619047619, 95.95238095238095, 96.19047619047619, 96.66666666666667, 96.19047619047619, 96.66666666666667, 96.66666666666667, 96.66666666666667, 96.66666666666667, 96.66666666666667, 96.66666666666667, 96.66666666666667, 96.66666666666667, 96.66666666666667, 96.66666666666667, 96.66666666666667, 96.66666666666667, 96.66666666666667, 96.66666666666667, 96.66666666666667, 96.66666666666667, 96.42857142857143, 96.66666666666667, 96.42857142857143, 96.19047619047619, 96.66666666666667, 96.66666666666667, 96.19047619047619, 96.42857142857143, 96.66666666666667, 96.42857142857143, 96.42857142857143, 96.42857142857143, 96.42857142857143, 96.66666666666667], "train_acc_image": [8.92857142857143, 24.10714285714286, 34.82142857142857, 49.10714285714286, 58.03571428571428, 59.82142857142857, 71.42857142857143, 77.67857142857143, 76.78571428571428, 83.03571428571428, 83.92857142857143, 85.71428571428572, 87.5, 86.60714285714286, 90.17857142857143, 93.75, 92.85714285714286, 92.85714285714286, 92.85714285714286, 96.42857142857143, 95.53571428571429, 94.64285714285714, 97.32142857142857, 92.85714285714286, 98.21428571428571, 96.42857142857143, 97.32142857142857, 98.21428571428571, 99.10714285714286, 100.0, 99.10714285714286, 98.21428571428571, 99.10714285714286, 100.0, 100.0, 100.0, 99.10714285714286, 99.10714285714286, 99.10714285714286, 100.0, 100.0, 99.10714285714286, 100.0, 100.0, 100.0, 100.0, 99.10714285714286, 100.0, 100.0, 99.10714285714286], "validation_acc_image": [0.0, 0.0, 0.0, 3.57142857142857, 21.42857142857143, 53.57142857142857, 50.0, 50.0, 53.57142857142857, 53.57142857142857, 67.85714285714286, 60.71428571428572, 67.85714285714286, 64.28571428571428, 67.85714285714286, 64.28571428571428, 64.28571428571428, 67.85714285714286, 67.85714285714286, 67.85714285714286, 67.85714285714286, 67.85714285714286, 67.85714285714286, 67.85714285714286, 67.85714285714286, 67.85714285714286, 67.85714285714286, 67.85714285714286, 67.85714285714286, 67.85714285714286, 67.85714285714286, 67.85714285714286, 67.85714285714286, 67.85714285714286, 67.85714285714286, 67.85714285714286, 64.28571428571428, 67.85714285714286, 64.28571428571428, 60.71428571428572, 67.85714285714286, 67.85714285714286, 60.71428571428572, 64.28571428571428, 67.85714285714286, 64.28571428571428, 64.28571428571428, 64.28571428571428, 64.28571428571428, 67.85714285714286]}