{"epoch": [5, 10, 15, 20, 25, 30, 35, 40, 45, 50, 55, 60, 65, 70, 75, 80, 85, 90, 95, 100, 105, 110, 115, 120, 125, 130, 135, 140, 145, 150, 155, 160, 165, 170, 175, 180, 185, 190, 195, 200, 205, 210, 215, 220, 225, 230, 235, 240, 245, 250], "train_loss": [0.22762804478406906, 0.20783986523747444, 0.19297312572598457, 0.17915073782205582, 0.1676693931221962, 0.15744329616427422, 0.147837832570076, 0.13753105700016022, 0.12848849780857563, 0.1202881783246994, 0.11412367597222328, 0.10666060261428356, 0.10016543231904507, 0.09472128190100193, 0.08559435047209263, 0.08110874705016613, 0.07507884874939919, 0.07007570378482342, 0.0657942183315754, 0.06076847389340401, 0.0581262381747365, 0.053582160733640194, 0.049228861927986145, 0.04539593309164047, 0.04572811909019947, 0.0420795688405633, 0.03776974231004715, 0.03921355679631233, 0.03590310411527753, 0.032514109276235104, 0.029633275233209133, 0.030866320710629225, 0.028168844059109688, 0.02610708400607109, 0.026092106010764837, 0.02296283980831504, 0.02272969437763095, 0.024559761863201857, 0.01885911962017417, 0.01741924206726253, 0.017623112071305513, 0.016821597702801228, 0.01623262371867895, 0.014732890762388706, 0.014714222634211183, 0.0165523043833673, 0.014321840601041913, 0.014353431994095445, 0.014801324345171452, 0.012587761739268899], "validation_loss": [0.00884982677442687, 0.008628243314368384, 0.008243280862058913, 0.007775360984461648, 0.007178100092070443, 0.006557711000953402, 0.006154329116855349, 0.005853454981531415, 0.005582384765148163, 0.005319872604949134, 0.005086031343255725, 0.004868912377527782, 0.004670853593519756, 0.004486618829624993, 0.004266033747366497, 0.004131291061639786, 0.004023291702781405, 0.0038832670875958036, 0.0037558174559048246, 0.0035991836339235306, 0.003528331805552755, 0.0034109181059258325, 0.0033279702599559513, 0.003260217607021332, 0.0031808268811021534, 0.0031073082770620075, 0.0030289821858916965, 0.0029901223523276193, 0.002920655001487051, 0.0028804921145950046, 0.0028237857456718174, 0.0027830113789864947, 0.0027413416121687207, 0.002701736454452787, 0.0026454313525131772, 0.0026109607091971804, 0.002598412334918976, 0.0025355592370033264, 0.002545471968395369, 0.002489291397588594, 0.0024850102407591684, 0.002460696335349764, 0.0023955944925546646, 0.002408120781183243, 0.0023920993719782147, 0.0023372729441949298, 0.0023418861840452465, 0.002326647085802896, 0.0022673077349151883, 0.0022920873016119003], "train_acc_arrows": [68.50598646538262, 80.16657990629881, 85.58042686100988, 89.58875585632484, 91.3586673607496, 92.243623112962, 94.27381572097866, 95.15877147319105, 95.62727745965643, 96.30400832899532, 96.51223321186882, 96.14783966684018, 96.14783966684018, 96.56428943258719, 96.61634565330557, 97.55335762623633, 97.03279541905258, 97.44924518479958, 97.44924518479958, 97.55335762623633, 97.76158250910983, 98.02186361270172, 98.2821447162936, 98.43831337844873, 98.38625715773036, 98.6985944820406, 98.95887558563248, 98.90681936491411, 99.21915668922436, 99.06298802706924, 99.21915668922436, 99.06298802706924, 99.21915668922436, 99.47943779281624, 99.3753253513795, 99.47943779281624, 99.42738157209786, 99.42738157209786, 99.53149401353461, 99.53149401353461, 99.79177511712649, 99.73971889640812, 99.73971889640812, 99.73971889640812, 99.68766267568975, 99.63560645497137, 99.68766267568975, 99.583550234253, 99.79177511712649, 99.89588755856325], "validation_acc_arrows": [60.08403361344538, 61.13445378151261, 65.12605042016807, 73.109243697479, 81.09243697478992, 88.23529411764706, 88.65546218487394, 88.8655462184874, 90.12605042016807, 90.33613445378151, 90.33613445378151, 90.54621848739495, 90.96638655462185, 90.75630252100841, 91.38655462184873, 91.17647058823529, 91.17647058823529, 90.96638655462185, 90.96638655462185, 91.38655462184873, 91.59663865546219, 91.59663865546219, 92.01680672268908, 91.59663865546219, 91.17647058823529, 91.59663865546219, 91.80672268907563, 91.80672268907563, 91.80672268907563, 91.80672268907563, 91.80672268907563, 91.80672268907563, 92.01680672268908, 91.80672268907563, 92.01680672268908, 91.59663865546219, 92.01680672268908, 91.80672268907563, 91.80672268907563, 92.01680672268908, 91.80672268907563, 91.80672268907563, 91.80672268907563, 92.01680672268908, 91.59663865546219, 92.22689075630252, 91.80672268907563, 92.01680672268908, 92.85714285714286, 92.01680672268908], "train_acc_image": [0.8849557522123908, 7.964601769911505, 9.734513274336287, 17.699115044247794, 29.20353982300885, 36.283185840707965, 44.24778761061947, 55.75221238938053, 60.17699115044248, 61.061946902654874, 68.14159292035397, 64.60176991150442, 66.3716814159292, 67.25663716814158, 66.3716814159292, 73.45132743362832, 72.56637168141593, 73.45132743362832, 74.33628318584071, 73.45132743362832, 76.99115044247787, 77.87610619469027, 79.64601769911505, 81.41592920353982, 82.30088495575221, 85.84070796460178, 88.49557522123894, 88.49557522123894, 89.38053097345133, 89.38053097345133, 91.1504424778761, 89.38053097345133, 90.2654867256637, 92.92035398230088, 93.80530973451327, 92.92035398230088, 94.69026548672566, 92.92035398230088, 93.80530973451327, 93.80530973451327, 97.34513274336283, 96.46017699115043, 96.46017699115043, 96.46017699115043, 95.57522123893806, 94.69026548672566, 96.46017699115043, 95.57522123893806, 97.34513274336283, 99.11504424778761], "validation_acc_image": [7.14285714285714, 3.57142857142857, 7.14285714285714, 10.71428571428571, 28.57142857142857, 39.28571428571429, 32.14285714285714, 35.71428571428571, 46.42857142857143, 46.42857142857143, 46.42857142857143, 46.42857142857143, 53.57142857142857, 46.42857142857143, 53.57142857142857, 53.57142857142857, 50.0, 50.0, 53.57142857142857, 46.42857142857143, 46.42857142857143, 46.42857142857143, 53.57142857142857, 46.42857142857143, 46.42857142857143, 50.0, 50.0, 50.0, 50.0, 50.0, 50.0, 46.42857142857143, 42.85714285714286, 46.42857142857143, 42.85714285714286, 46.42857142857143, 42.85714285714286, 42.85714285714286, 42.85714285714286, 42.85714285714286, 42.85714285714286, 42.85714285714286, 42.85714285714286, 42.85714285714286, 46.42857142857143, 42.85714285714286, 42.85714285714286, 42.85714285714286, 50.0, 42.85714285714286]}