{"epoch": [5, 10, 15, 20, 25, 30, 35, 40, 45, 50, 55, 60, 65, 70, 75, 80, 85, 90, 95, 100, 105, 110, 115, 120, 125, 130, 135, 140, 145, 150, 155, 160, 165, 170, 175, 180, 185, 190, 195, 200, 205, 210, 215, 220, 225, 230, 235, 240, 245, 250], "train_loss": [0.20633188262581825, 0.17903268709778786, 0.1512603461742401, 0.13040820695459843, 0.11691555194556713, 0.10371941141784191, 0.09879193641245365, 0.0856173038482666, 0.07727355696260929, 0.07492686249315739, 0.06262395530939102, 0.058313217014074326, 0.05439850501716137, 0.049509975127875805, 0.04355553537607193, 0.04046808369457722, 0.03994782967492938, 0.03424054943025112, 0.031218247953802347, 0.029961243271827698, 0.02632963564246893, 0.026327223982661963, 0.026763747446238995, 0.022957815323024988, 0.02164236269891262, 0.020003652898594737, 0.016806364292278886, 0.01624237187206745, 0.014742169762030244, 0.013753904961049557, 0.013410989427939057, 0.01196357689332217, 0.010901429690420628, 0.011937529779970646, 0.009546520304866135, 0.008375714533030987, 0.0103163484018296, 0.009136415785178542, 0.009443272603675723, 0.006480698939412832, 0.007435030187480152, 0.0065190421883016825, 0.005904212943278253, 0.006571054458618164, 0.005570663954131305, 0.00667095638345927, 0.0048755554016679525, 0.00489067641319707, 0.0035611659404821694, 0.0037050857790745795], "validation_loss": [0.00845654308795929, 0.00924109487697996, 0.008641874995724908, 0.0069255376684254615, 0.005539284184061247, 0.004787183013455621, 0.004392309949315828, 0.004119225617112784, 0.0038116507489105752, 0.003591396685304313, 0.003427185632031539, 0.003255187437452119, 0.0031116612512489847, 0.002922325812537095, 0.002797414516580516, 0.0027078575101392023, 0.0026530895767540768, 0.0025020393318143383, 0.0024466547986556745, 0.0023739068158741654, 0.0022957977549783117, 0.0022529127268955625, 0.0021991303254818096, 0.0021580141679993993, 0.002115497943656198, 0.002052865793992733, 0.002002270314200171, 0.001963088096215807, 0.001933596514422318, 0.0018936206811460956, 0.00187592760756098, 0.0018320818399560862, 0.0018284667668671444, 0.001803547786227588, 0.0017996489487845323, 0.0017762317739684007, 0.0017494762252117026, 0.0017223098668558844, 0.001704225380872858, 0.0017011658898715314, 0.0016829797933841574, 0.0016801634739185202, 0.0016822418005302034, 0.0016657634284989588, 0.001648373259552594, 0.0016437473482099072, 0.0016511731363576033, 0.0016202012012744773, 0.00161746002990624, 0.0016397440741802085], "train_acc_arrows": [83.77192982456141, 93.2017543859649, 95.83333333333334, 97.47807017543859, 97.80701754385966, 98.24561403508771, 98.1359649122807, 98.90350877192982, 98.79385964912281, 99.01315789473685, 99.3421052631579, 99.01315789473685, 99.4517543859649, 99.67105263157895, 99.3421052631579, 99.4517543859649, 99.4517543859649, 99.78070175438597, 99.89035087719299, 99.56140350877193, 100.0, 100.0, 100.0, 100.0, 100.0, 100.0, 100.0, 100.0, 100.0, 100.0, 100.0, 100.0, 100.0, 100.0, 100.0, 100.0, 100.0, 100.0, 100.0, 100.0, 100.0, 100.0, 100.0, 100.0, 100.0, 100.0, 100.0, 100.0, 100.0, 100.0], "validation_acc_arrows": [53.87931034482758, 46.55172413793104, 46.120689655172406, 74.13793103448276, 89.65517241379311, 90.51724137931035, 91.37931034482759, 91.8103448275862, 92.24137931034483, 92.24137931034483, 92.67241379310344, 93.10344827586206, 93.53448275862068, 93.53448275862068, 93.53448275862068, 93.53448275862068, 93.53448275862068, 93.96551724137932, 94.39655172413794, 93.53448275862068, 93.96551724137932, 94.39655172413794, 93.96551724137932, 94.39655172413794, 94.39655172413794, 94.82758620689656, 94.82758620689656, 94.39655172413794, 94.39655172413794, 94.39655172413794, 94.82758620689656, 94.39655172413794, 94.82758620689656, 94.39655172413794, 94.39655172413794, 94.82758620689656, 94.82758620689656, 94.82758620689656, 94.82758620689656, 94.82758620689656, 94.82758620689656, 94.82758620689656, 94.82758620689656, 94.82758620689656, 94.82758620689656, 94.82758620689656, 94.82758620689656, 94.82758620689656, 94.82758620689656, 94.82758620689656], "train_acc_image": [33.333333333333336, 65.78947368421053, 73.6842105263158, 85.08771929824562, 85.96491228070175, 85.96491228070175, 87.71929824561404, 91.22807017543859, 90.35087719298247, 92.10526315789474, 94.73684210526316, 92.10526315789474, 95.6140350877193, 97.36842105263158, 94.73684210526316, 95.6140350877193, 95.6140350877193, 98.24561403508771, 99.12280701754386, 96.49122807017544, 100.0, 100.0, 100.0, 100.0, 100.0, 100.0, 100.0, 100.0, 100.0, 100.0, 100.0, 100.0, 100.0, 100.0, 100.0, 100.0, 100.0, 100.0, 100.0, 100.0, 100.0, 100.0, 100.0, 100.0, 100.0, 100.0, 100.0, 100.0, 100.0, 100.0], "validation_acc_image": [0.0, 20.68965517241379, 20.68965517241379, 27.586206896551722, 51.72413793103448, 55.172413793103445, 58.62068965517242, 62.06896551724138, 62.06896551724138, 62.06896551724138, 62.06896551724138, 65.51724137931035, 65.51724137931035, 65.51724137931035, 65.51724137931035, 65.51724137931035, 65.51724137931035, 65.51724137931035, 68.96551724137932, 68.96551724137932, 68.96551724137932, 72.41379310344827, 68.96551724137932, 72.41379310344827, 72.41379310344827, 72.41379310344827, 72.41379310344827, 75.86206896551724, 75.86206896551724, 75.86206896551724, 72.41379310344827, 75.86206896551724, 72.41379310344827, 75.86206896551724, 75.86206896551724, 72.41379310344827, 72.41379310344827, 72.41379310344827, 72.41379310344827, 72.41379310344827, 72.41379310344827, 72.41379310344827, 72.41379310344827, 72.41379310344827, 72.41379310344827, 72.41379310344827, 72.41379310344827, 72.41379310344827, 72.41379310344827, 72.41379310344827]}