{"epoch": [5, 10, 15, 20, 25, 30, 35, 40, 45, 50, 55, 60, 65, 70, 75, 80, 85, 90, 95, 100, 105, 110, 115, 120, 125, 130, 135, 140, 145, 150, 155, 160, 165, 170, 175, 180, 185, 190, 195, 200], "train_loss": [0.21540922299027443, 0.19842448458075523, 0.1868080198764801, 0.1729816570878029, 0.16085750237107277, 0.1539957895874977, 0.14092611148953438, 0.13016659766435623, 0.12175413407385349, 0.10965370200574398, 0.10246472805738449, 0.0920066311955452, 0.08574090339243412, 0.07999930158257484, 0.07275353372097015, 0.06516173388808966, 0.0595101909711957, 0.05078917182981968, 0.0458535673096776, 0.04260125011205673, 0.04040183685719967, 0.035829002503305674, 0.032866476103663445, 0.03144214395433664, 0.027067129965871572, 0.027238352689892054, 0.022145806811749935, 0.021975749172270298, 0.026384242344647646, 0.017624245956540108, 0.01915173465386033, 0.016785707091912627, 0.014663788257166743, 0.014935169368982315, 0.013680641539394855, 0.011380622163414955, 0.011425434844568372, 0.010365132940933108, 0.01193896890617907, 0.008087449590675533], "validation_loss": [0.009165745760713304, 0.00958899302142007, 0.009484164416790009, 0.008862486907414027, 0.007037409182105746, 0.0060709065624645776, 0.005677931010723114, 0.005304065666028431, 0.004957956927163261, 0.004638788423367909, 0.00438388463641916, 0.004038706421852112, 0.0038006342947483063, 0.0035366652799504144, 0.003294147551059723, 0.003090637336884226, 0.002869290698851858, 0.002749319853527205, 0.0025786225284848896, 0.002439080604485103, 0.002267780846783093, 0.002200920134782791, 0.002105827842439924, 0.0019815824925899506, 0.0019382831773587636, 0.0018588241987994739, 0.0017585138391171182, 0.0016986078449657985, 0.0016282952523657254, 0.0016245003789663315, 0.0015714370778628758, 0.001585070975124836, 0.0014628983501877104, 0.0014478030747600964, 0.0014004244336060115, 0.0013595186173915863, 0.0013557287997433118, 0.0013263885463987077, 0.0012654514451112067, 0.00127350991325719], "train_acc_arrows": [76.72619047619047, 82.79761904761904, 85.11904761904762, 89.70238095238095, 91.30952380952381, 93.21428571428572, 95.95238095238095, 97.26190476190476, 97.38095238095238, 97.91666666666666, 98.39285714285715, 99.16666666666667, 99.28571428571429, 99.22619047619048, 99.10714285714286, 99.58333333333333, 99.52380952380952, 99.58333333333333, 99.64285714285714, 99.70238095238095, 99.64285714285714, 99.64285714285714, 99.88095238095238, 99.64285714285714, 99.76190476190476, 99.64285714285714, 99.88095238095238, 100.0, 99.76190476190476, 99.88095238095238, 99.88095238095238, 99.88095238095238, 99.94047619047619, 99.88095238095238, 99.88095238095238, 100.0, 99.94047619047619, 99.94047619047619, 99.88095238095238, 99.94047619047619], "validation_acc_arrows": [40.476190476190474, 48.33333333333333, 48.57142857142858, 54.04761904761906, 85.23809523809524, 89.76190476190476, 90.95238095238095, 92.85714285714286, 94.52380952380952, 95.0, 95.0, 95.47619047619048, 95.71428571428572, 95.71428571428572, 95.95238095238095, 96.19047619047619, 96.66666666666667, 96.42857142857143, 96.42857142857143, 96.9047619047619, 97.14285714285714, 97.14285714285714, 97.38095238095238, 97.14285714285714, 97.14285714285714, 97.38095238095238, 97.38095238095238, 97.38095238095238, 97.14285714285714, 97.14285714285714, 97.38095238095238, 96.9047619047619, 97.14285714285714, 97.14285714285714, 97.38095238095238, 97.38095238095238, 97.61904761904762, 97.61904761904762, 97.38095238095238, 97.38095238095238], "train_acc_image": [14.28571428571429, 16.07142857142857, 18.75, 30.35714285714286, 29.464285714285708, 51.78571428571428, 56.25, 69.64285714285714, 66.07142857142857, 70.53571428571428, 81.25, 88.39285714285714, 89.28571428571429, 89.28571428571429, 88.39285714285714, 93.75, 92.85714285714286, 93.75, 94.64285714285714, 95.53571428571429, 94.64285714285714, 94.64285714285714, 98.21428571428571, 94.64285714285714, 96.42857142857143, 94.64285714285714, 98.21428571428571, 100.0, 96.42857142857143, 98.21428571428571, 98.21428571428571, 98.21428571428571, 99.10714285714286, 98.21428571428571, 98.21428571428571, 100.0, 99.10714285714286, 99.10714285714286, 98.21428571428571, 99.10714285714286], "validation_acc_image": [0.0, 0.0, 7.14285714285714, 0.0, 25.0, 21.42857142857143, 32.14285714285714, 35.71428571428571, 39.28571428571429, 42.85714285714286, 46.42857142857143, 53.57142857142857, 53.57142857142857, 53.57142857142857, 53.57142857142857, 57.14285714285714, 60.71428571428572, 60.71428571428572, 60.71428571428572, 60.71428571428572, 64.28571428571428, 64.28571428571428, 67.85714285714286, 67.85714285714286, 67.85714285714286, 67.85714285714286, 67.85714285714286, 67.85714285714286, 64.28571428571428, 64.28571428571428, 67.85714285714286, 60.71428571428572, 64.28571428571428, 64.28571428571428, 67.85714285714286, 67.85714285714286, 71.42857142857143, 71.42857142857143, 67.85714285714286, 67.85714285714286]}