{"epoch": [5, 10, 15, 20, 25, 30, 35, 40, 45, 50, 55, 60, 65, 70, 75, 80, 85, 90, 95, 100, 105, 110, 115, 120, 125, 130, 135, 140, 145, 150, 155, 160, 165, 170, 175, 180, 185, 190, 195, 200], "train_loss": [0.2190601552526156, 0.1972032437721888, 0.18808376789093018, 0.16760137925545374, 0.15420861293872198, 0.14296776304642358, 0.13223992784818014, 0.12324360758066177, 0.10644461090366046, 0.09572361906369527, 0.087656586120526, 0.0844634547829628, 0.07096701860427856, 0.06665259723862012, 0.06374513357877731, 0.05577080758909384, 0.054059855019052826, 0.04363307481010755, 0.0437974501401186, 0.03997616656124592, 0.04241429859151443, 0.03989210973183314, 0.04163925163447857, 0.03744053654372692, 0.030461026976505916, 0.03618096373975277, 0.026697889901697636, 0.03226688535263141, 0.02235662533591191, 0.03168900000552336, 0.02410245966166258, 0.034555463741223015, 0.021819557373722393, 0.01771274597073595, 0.018153687783827383, 0.019742082028339308, 0.018291727950175602, 0.019561024537930887, 0.020372373517602682, 0.018866552660862606], "validation_loss": [0.006066601450850324, 0.005223193183177855, 0.004660165891414735, 0.004103197920613173, 0.0038179831533897216, 0.003575783313774481, 0.0032997218573965676, 0.0029602423310279846, 0.0027485231800777154, 0.0025553646974447296, 0.0023568176278253882, 0.0020862203545686676, 0.0020303966068639986, 0.0018662759443608726, 0.0016703353059001084, 0.0016537543113638714, 0.0014197773686269435, 0.0014079053227494403, 0.0013359321690187222, 0.0012547114818561367, 0.0011630797894989571, 0.0011800125968165513, 0.0010316539101484345, 0.001021728283021508, 0.001102675115916787, 0.0009589202520323963, 0.000946841225391481, 0.0008760183686163368, 0.0008903981708898777, 0.000903329016958795, 0.0008468131830052631, 0.0008593312487369631, 0.0009058773881051598, 0.0008182743700539194, 0.0007979372834287039, 0.0008557566055437414, 0.0008205254448623192, 0.0007744314285313211, 0.0007836693307248558, 0.0008276820909686205], "train_acc_arrows": [72.6829268292683, 81.67682926829268, 85.73170731707317, 89.05487804878048, 90.42682926829269, 92.13414634146342, 92.98780487804879, 93.5670731707317, 94.35975609756098, 95.27439024390245, 95.42682926829268, 95.85365853658536, 95.82317073170732, 96.00609756097562, 96.34146341463415, 96.95121951219512, 97.01219512195122, 97.46951219512195, 97.3780487804878, 98.14024390243902, 97.77439024390245, 98.17073170731707, 98.23170731707317, 98.56707317073172, 97.98780487804878, 97.77439024390245, 98.59756097560975, 98.47560975609755, 98.8109756097561, 98.71951219512195, 98.90243902439025, 98.71951219512195, 99.14634146341463, 99.08536585365853, 98.9329268292683, 98.84146341463415, 98.9329268292683, 99.08536585365853, 99.26829268292683, 99.1158536585366], "validation_acc_arrows": [55.487804878048784, 76.82926829268293, 85.0, 88.78048780487805, 89.51219512195122, 91.09756097560975, 91.82926829268293, 92.6829268292683, 93.17073170731706, 93.78048780487805, 94.26829268292683, 93.78048780487805, 94.14634146341463, 94.7560975609756, 94.8780487804878, 95.0, 95.1219512195122, 95.1219512195122, 95.36585365853658, 95.24390243902438, 95.85365853658536, 95.73170731707317, 95.73170731707317, 95.85365853658536, 95.73170731707317, 95.85365853658536, 96.21951219512195, 96.46341463414633, 96.09756097560975, 95.97560975609755, 96.34146341463415, 95.48780487804878, 96.09756097560975, 96.70731707317073, 96.58536585365853, 96.21951219512195, 95.97560975609755, 96.82926829268293, 95.97560975609755, 96.21951219512195], "train_acc_image": [7.926829268292678, 17.07317073170732, 20.731707317073166, 26.21951219512195, 29.87804878048781, 35.36585365853659, 37.80487804878049, 40.243902439024396, 45.12195121951219, 49.390243902439025, 50.0, 57.31707317073172, 57.92682926829269, 57.92682926829269, 64.63414634146342, 64.63414634146342, 67.07317073170731, 70.1219512195122, 70.73170731707317, 72.5609756097561, 72.5609756097561, 75.60975609756098, 79.26829268292683, 82.31707317073172, 73.17073170731707, 70.1219512195122, 81.70731707317074, 79.8780487804878, 82.92682926829268, 82.92682926829268, 83.53658536585365, 85.36585365853658, 87.1951219512195, 85.97560975609755, 85.36585365853658, 82.92682926829268, 84.14634146341463, 86.58536585365853, 87.8048780487805, 85.97560975609755], "validation_acc_image": [0.0, 14.634146341463417, 14.634146341463417, 19.512195121951216, 14.634146341463417, 19.512195121951216, 19.512195121951216, 29.268292682926834, 29.268292682926834, 29.268292682926834, 34.14634146341463, 29.268292682926834, 29.268292682926834, 41.463414634146346, 34.14634146341463, 36.58536585365854, 39.02439024390244, 39.02439024390244, 39.02439024390244, 36.58536585365854, 43.90243902439024, 43.90243902439024, 41.463414634146346, 48.78048780487805, 41.463414634146346, 53.65853658536586, 53.65853658536586, 53.65853658536586, 48.78048780487805, 43.90243902439024, 48.78048780487805, 48.78048780487805, 48.78048780487805, 56.09756097560976, 51.21951219512195, 58.53658536585367, 43.90243902439024, 53.65853658536586, 48.78048780487805, 48.78048780487805]}