{"epoch": [5, 10, 15, 20, 25, 30, 35, 40, 45, 50, 55, 60, 65, 70, 75, 80, 85, 90, 95, 100, 105, 110, 115, 120, 125, 130, 135, 140, 145, 150, 155, 160, 165, 170, 175, 180, 185, 190, 195, 200], "train_loss": [0.22504065930843353, 0.21164094507694245, 0.20067257583141326, 0.19053094685077668, 0.17984511256217955, 0.16841380298137665, 0.15742429792881013, 0.14552428126335143, 0.13387172818183898, 0.12227224111557007, 0.11341629326343536, 0.1057096004486084, 0.10039023607969284, 0.09385663866996766, 0.08489198684692383, 0.07349936962127686, 0.06501238867640495, 0.0628665767610073, 0.05865176245570183, 0.05389904975891113, 0.04916761890053749, 0.04480924904346466, 0.04354953840374946, 0.04139676615595818, 0.04285782873630524, 0.03524445593357086, 0.03918647840619087, 0.03163871392607689, 0.030946501716971397, 0.02941656932234764, 0.026240643113851547, 0.0342410285025835, 0.02881133332848549, 0.030600867047905923, 0.022439053282141685, 0.021159273013472556, 0.019310638308525085, 0.021600864455103876, 0.01978654768317938, 0.017063172161579133], "validation_loss": [0.007125195680242597, 0.006831393097386215, 0.006532148881392045, 0.006311869982517127, 0.0057730119336735115, 0.0054151384216366396, 0.005111133058865865, 0.00479146522102934, 0.004447410955573573, 0.004303556500059186, 0.0039443310463067255, 0.0036494257775220003, 0.003408836821715037, 0.0031431579228603478, 0.002951376817443154, 0.0028494840318506413, 0.00270301645452326, 0.0025885080297787986, 0.0024308158141193967, 0.0023917596448551526, 0.0023200022000255008, 0.0022300364393176455, 0.002216540728554581, 0.0021221102638678117, 0.0020691434090787716, 0.0019806399941444397, 0.002019296089808146, 0.0019600944537104983, 0.0018955658782612193, 0.001876345638072852, 0.0019081984505508885, 0.0018129455998088374, 0.0018204768950288947, 0.0017099705609408293, 0.001815197029800126, 0.0017829707851915648, 0.001719079798821247, 0.0017883674890706034, 0.0016918369766437645, 0.001733356353008386], "train_acc_arrows": [69.13335971507718, 77.20617332805698, 82.78591214879303, 86.07043925603483, 88.800949742778, 91.65017807677087, 93.07479224376732, 94.02453502176495, 94.42026117926396, 95.40957657301148, 95.68658488326078, 95.37000395726157, 95.64701226751087, 95.37000395726157, 96.00316580926, 96.00316580926, 96.2801741195093, 96.3593193510091, 96.39889196675901, 97.03205381875742, 96.7550455085081, 97.22991689750693, 97.34863474475662, 97.50692520775624, 97.46735259200634, 97.62564305500594, 97.90265136525524, 98.29837752275425, 98.29837752275425, 98.65453106450336, 98.57538583300357, 98.65453106450336, 98.93153937475267, 98.61495844875347, 98.97111199050256, 99.24812030075188, 99.48555599525129, 99.36683814800158, 99.32726553225169, 99.36683814800158], "validation_acc_arrows": [62.20095693779905, 72.72727272727273, 76.2360446570973, 82.29665071770334, 85.48644338118022, 87.87878787878788, 90.74960127591707, 92.82296650717703, 93.30143540669856, 93.93939393939394, 94.25837320574163, 93.93939393939394, 94.73684210526316, 94.25837320574163, 93.46092503987241, 93.77990430622009, 93.30143540669856, 93.14194577352472, 93.62041467304624, 93.62041467304624, 93.14194577352472, 93.93939393939394, 93.30143540669856, 93.46092503987241, 93.77990430622009, 93.62041467304624, 93.46092503987241, 93.77990430622009, 93.14194577352472, 93.46092503987241, 92.98245614035088, 93.30143540669856, 93.30143540669856, 93.77990430622009, 92.6634768740032, 93.77990430622009, 93.14194577352472, 92.98245614035088, 93.14194577352472, 93.30143540669856], "train_acc_image": [6.015037593984962, 16.541353383458645, 23.308270676691734, 21.80451127819549, 28.57142857142857, 34.58646616541353, 42.85714285714286, 41.35338345864662, 45.11278195488722, 47.36842105263158, 49.62406015037594, 50.37593984962406, 51.8796992481203, 48.872180451127825, 51.8796992481203, 51.127819548872175, 51.127819548872175, 48.1203007518797, 50.37593984962406, 59.3984962406015, 54.13533834586466, 57.14285714285714, 59.3984962406015, 60.150375939849624, 61.654135338345874, 60.902255639097746, 66.9172932330827, 70.67669172932331, 71.42857142857143, 75.93984962406014, 75.93984962406014, 78.19548872180451, 81.95488721804512, 78.19548872180451, 82.70676691729324, 87.96992481203007, 91.72932330827068, 89.47368421052632, 88.72180451127821, 89.47368421052632], "validation_acc_image": [21.212121212121215, 24.242424242424242, 3.0303030303030276, 15.151515151515149, 12.121212121212121, 18.181818181818176, 27.27272727272727, 27.27272727272727, 27.27272727272727, 33.333333333333336, 30.303030303030297, 30.303030303030297, 30.303030303030297, 24.242424242424242, 24.242424242424242, 21.212121212121215, 21.212121212121215, 18.181818181818176, 18.181818181818176, 21.212121212121215, 18.181818181818176, 21.212121212121215, 18.181818181818176, 15.151515151515149, 18.181818181818176, 21.212121212121215, 18.181818181818176, 21.212121212121215, 15.151515151515149, 18.181818181818176, 18.181818181818176, 18.181818181818176, 18.181818181818176, 24.242424242424242, 18.181818181818176, 24.242424242424242, 24.242424242424242, 24.242424242424242, 18.181818181818176, 27.27272727272727]}