{"epoch": [5, 10, 15, 20, 25, 30, 35, 40, 45, 50, 55, 60, 65, 70, 75, 80, 85, 90, 95, 100, 105, 110, 115, 120, 125, 130, 135, 140, 145, 150, 155, 160, 165, 170, 175, 180, 185, 190, 195, 200], "train_loss": [0.23738566786050797, 0.2252362072467804, 0.21372299268841743, 0.2042306661605835, 0.19423076137900352, 0.18465278297662735, 0.1733812727034092, 0.16377829760313034, 0.15174326673150063, 0.14153576269745827, 0.13106322288513184, 0.1185354832559824, 0.10615606606006622, 0.09423059038817883, 0.08745111338794231, 0.08029764518141747, 0.07055565156042576, 0.06193244829773903, 0.06071210280060768, 0.05220173392444849, 0.04542396031320095, 0.043893138878047466, 0.037771609611809254, 0.035463377833366394, 0.03418856021016836, 0.028833439573645592, 0.030482092872262, 0.024314841255545616, 0.024119113106280565, 0.026295064482837915, 0.02206395799294114, 0.019458990544080734, 0.018452821066603065, 0.015469245612621307, 0.020570552442222834, 0.0138447645585984, 0.015728894621133804, 0.013133862055838108, 0.013578675454482436, 0.010288978461176157], "validation_loss": [0.008716845402011165, 0.008049709929360284, 0.0076587144975309015, 0.007573557672677217, 0.007703843492048758, 0.007168632414605882, 0.006804235003612659, 0.006428465799049095, 0.006014476219813029, 0.0056150660470679955, 0.005189999938011169, 0.004802431773256372, 0.004469352187933745, 0.004169379395467264, 0.003848309870119448, 0.00345044058782083, 0.003262450573620973, 0.003082117548695317, 0.0027906842253826282, 0.002709854256223749, 0.0024876420696576438, 0.0023620760551205386, 0.002276691021742644, 0.0021304914520846475, 0.0020123809851981976, 0.0020388326159229983, 0.0018591362017172355, 0.0018296349379751417, 0.0017983699562372985, 0.0016947603887981838, 0.0016946904361248016, 0.0016140247936601991, 0.0015554909628850441, 0.0015019848942756653, 0.0014878899134971478, 0.0014522950406427736, 0.0013925419361503035, 0.0013990014515541218, 0.0014003947101257465, 0.0013457383546564314], "train_acc_arrows": [59.764150943396224, 68.30188679245283, 74.19811320754717, 80.0, 84.52830188679246, 88.0188679245283, 89.95283018867924, 92.02830188679245, 93.39622641509435, 94.90566037735849, 95.99056603773585, 97.12264150943396, 97.35849056603773, 97.5, 97.54716981132076, 97.45283018867924, 97.59433962264151, 97.54716981132076, 97.40566037735849, 97.87735849056604, 97.87735849056604, 98.06603773584905, 97.83018867924528, 97.97169811320755, 98.77358490566037, 98.20754716981132, 98.5377358490566, 98.82075471698113, 99.05660377358491, 98.82075471698113, 99.43396226415095, 99.38679245283019, 99.4811320754717, 99.66981132075472, 99.5754716981132, 99.76415094339622, 99.85849056603774, 99.81132075471699, 99.62264150943396, 99.90566037735849], "validation_acc_arrows": [58.518518518518526, 69.07407407407408, 73.88888888888889, 74.81481481481482, 78.51851851851852, 83.88888888888889, 86.66666666666667, 90.18518518518519, 91.11111111111111, 92.96296296296296, 94.07407407407408, 95.55555555555556, 95.55555555555556, 95.37037037037037, 95.92592592592592, 95.55555555555556, 95.74074074074073, 96.11111111111111, 96.11111111111111, 96.11111111111111, 96.11111111111111, 96.11111111111111, 96.2962962962963, 96.2962962962963, 96.85185185185186, 96.48148148148148, 96.66666666666667, 96.48148148148148, 96.85185185185186, 96.85185185185186, 96.85185185185186, 96.48148148148148, 96.85185185185186, 96.85185185185186, 97.22222222222221, 96.85185185185186, 97.22222222222221, 97.03703703703704, 97.22222222222221, 97.22222222222221], "train_acc_image": [0.0, 0.0, 0.0, 1.8867924528301883, 6.6037735849056585, 11.32075471698113, 13.207547169811317, 33.01886792452831, 35.84905660377359, 50.0, 44.339622641509436, 56.60377358490566, 57.54716981132076, 55.660377358490564, 54.71698113207547, 54.71698113207547, 55.660377358490564, 54.71698113207547, 50.943396226415096, 60.37735849056604, 59.43396226415094, 63.20754716981132, 58.490566037735846, 61.32075471698113, 76.41509433962264, 66.03773584905662, 71.69811320754718, 77.35849056603774, 81.13207547169812, 77.35849056603774, 88.67924528301887, 87.73584905660378, 89.62264150943396, 93.39622641509435, 91.50943396226415, 95.28301886792453, 97.16981132075472, 96.22641509433963, 92.45283018867924, 98.11320754716981], "validation_acc_image": [0.0, 0.0, 0.0, 3.703703703703709, 7.4074074074074066, 11.111111111111116, 3.703703703703709, 7.4074074074074066, 22.22222222222222, 29.629629629629626, 33.333333333333336, 37.03703703703704, 40.74074074074075, 29.629629629629626, 33.333333333333336, 33.333333333333336, 37.03703703703704, 40.74074074074075, 37.03703703703704, 37.03703703703704, 37.03703703703704, 37.03703703703704, 37.03703703703704, 44.44444444444444, 44.44444444444444, 40.74074074074075, 44.44444444444444, 44.44444444444444, 48.14814814814815, 51.85185185185186, 48.14814814814815, 44.44444444444444, 48.14814814814815, 44.44444444444444, 51.85185185185186, 48.14814814814815, 51.85185185185186, 48.14814814814815, 51.85185185185186, 51.85185185185186]}