{"epoch": [2, 4, 6, 8, 10, 12, 14, 16, 18, 20, 22, 24, 26, 28, 30, 32, 34, 36, 38, 40, 42, 44, 46, 48, 50, 52, 54, 56, 58, 60, 62, 64, 66, 68, 70, 72, 74, 76, 78, 80, 82, 84, 86, 88, 90, 92, 94, 96, 98, 100, 102, 104, 106, 108, 110], "train_loss": [0.2534928694367409, 0.24330101534724236, 0.23300762474536896, 0.22710344940423965, 0.2173749916255474, 0.20994656533002853, 0.20303740724921227, 0.1940530687570572, 0.18725847825407982, 0.17699748277664185, 0.17072494700551033, 0.16104505583643913, 0.1526254415512085, 0.14277352020144463, 0.14126627892255783, 0.12732554785907269, 0.1158310566097498, 0.11391053535044193, 0.10571250319480896, 0.09775119833648205, 0.08801710419356823, 0.08123266138136387, 0.07370812073349953, 0.0717745553702116, 0.061622533947229385, 0.060467230156064034, 0.054095931351184845, 0.0518491305410862, 0.04982907325029373, 0.04903649352490902, 0.041320307180285454, 0.04053823836147785, 0.04066069610416889, 0.03633947344496846, 0.04182053729891777, 0.034151071682572365, 0.03384458553045988, 0.034490822814404964, 0.03157290769740939, 0.02944389870390296, 0.02915100147947669, 0.027493878733366728, 0.03334816778078675, 0.03333798237144947, 0.026695651467889547, 0.028371676802635193, 0.022352437023073435, 0.023360198829323053, 0.022447109688073397, 0.024797010235488415, 0.021142099052667618, 0.02100976649671793, 0.021145564038306475, 0.02051573828794062, 0.019243116956204176], "validation_loss": [0.009372072087393867, 0.009207196257732532, 0.009045895602968004, 0.00877625357221674, 0.00851899109504841, 0.008299400960957562, 0.00805556994897348, 0.007654833020987334, 0.007327721074775413, 0.007040636958899321, 0.00669502439322295, 0.006319445040490892, 0.005937984144246137, 0.005629179654298005, 0.0052739762597613865, 0.00494138620517872, 0.004679313964313931, 0.004276909761958652, 0.00397823061104174, 0.0036797898787039296, 0.003422729119106575, 0.003264160343894252, 0.003101081759841354, 0.0028316110924438195, 0.0026022717356681824, 0.0024141128416414613, 0.002340895434220632, 0.0020809180482670112, 0.0025001841562765615, 0.0020151432189676496, 0.0020659651469301294, 0.0017110465301407708, 0.0016639663113488092, 0.0017693262133333418, 0.0017282297765767133, 0.0016520773922955548, 0.0016915287684511255, 0.0015833424749197784, 0.0015612205973377935, 0.001542024866298393, 0.0014381029263690667, 0.0014613261101422486, 0.0013144986221083888, 0.0011978854459744912, 0.001113865938451555, 0.0013347277762713256, 0.0014003563534330439, 0.0012954841885301801, 0.0011979360823278075, 0.0011423798622908416, 0.0012036984165509541, 0.0011894478014221898, 0.0011908588586030183, 0.0011033982866340214, 0.0012064342973408875], "train_acc_arrows": [47.87735849056604, 56.88679245283019, 65.09433962264151, 69.5754716981132, 74.90566037735849, 77.83018867924528, 81.98113207547169, 84.81132075471697, 85.94339622641509, 88.67924528301887, 89.85849056603774, 91.08490566037736, 92.9245283018868, 93.77358490566039, 93.67924528301886, 95.09433962264151, 95.56603773584905, 95.75471698113208, 95.99056603773585, 96.1320754716981, 96.36792452830188, 96.41509433962264, 96.22641509433963, 96.32075471698113, 96.32075471698113, 96.32075471698113, 96.22641509433963, 96.41509433962264, 96.27358490566039, 96.60377358490567, 96.50943396226414, 96.60377358490567, 96.79245283018868, 96.83962264150944, 96.79245283018868, 96.93396226415094, 97.16981132075472, 97.0754716981132, 97.21698113207547, 97.16981132075472, 97.68867924528301, 97.78301886792453, 97.73584905660377, 97.87735849056604, 98.06603773584905, 98.16037735849056, 98.30188679245283, 98.20754716981132, 98.39622641509433, 98.34905660377359, 98.63207547169812, 98.82075471698113, 98.86792452830188, 98.9622641509434, 98.86792452830188], "validation_acc_arrows": [47.03703703703703, 57.03703703703704, 65.37037037037037, 65.18518518518519, 68.88888888888889, 70.55555555555554, 75.37037037037038, 79.44444444444446, 84.07407407407408, 85.37037037037038, 87.96296296296296, 88.70370370370371, 91.11111111111111, 91.85185185185185, 93.88888888888889, 94.25925925925927, 94.44444444444444, 95.0, 95.92592592592592, 95.74074074074073, 95.74074074074073, 95.92592592592592, 95.92592592592592, 96.11111111111111, 96.11111111111111, 96.48148148148148, 96.2962962962963, 96.48148148148148, 95.92592592592592, 96.48148148148148, 96.11111111111111, 96.48148148148148, 96.48148148148148, 96.2962962962963, 96.2962962962963, 96.2962962962963, 96.2962962962963, 96.48148148148148, 96.66666666666667, 96.85185185185186, 96.85185185185186, 96.85185185185186, 97.22222222222221, 97.22222222222221, 97.03703703703704, 97.03703703703704, 96.66666666666667, 97.03703703703704, 97.03703703703704, 97.03703703703704, 96.85185185185186, 97.22222222222221, 97.03703703703704, 97.22222222222221, 97.22222222222221], "train_acc_image": [0.0, 0.0, 0.0, 3.7735849056603765, 4.716981132075471, 5.660377358490565, 6.6037735849056585, 12.264150943396224, 18.867924528301884, 17.924528301886788, 20.75471698113207, 24.52830188679245, 33.9622641509434, 37.735849056603776, 35.84905660377359, 37.735849056603776, 38.67924528301887, 37.735849056603776, 37.735849056603776, 34.905660377358494, 39.62264150943396, 36.79245283018868, 36.79245283018868, 36.79245283018868, 38.67924528301887, 38.67924528301887, 36.79245283018868, 39.62264150943396, 38.67924528301887, 42.45283018867924, 39.62264150943396, 41.509433962264154, 45.28301886792453, 44.339622641509436, 42.45283018867924, 46.22641509433962, 48.113207547169814, 46.22641509433962, 50.0, 48.113207547169814, 57.54716981132076, 58.490566037735846, 58.490566037735846, 60.37735849056604, 63.20754716981132, 64.15094339622642, 66.98113207547169, 65.09433962264151, 68.86792452830188, 69.81132075471699, 73.58490566037736, 77.35849056603774, 78.30188679245282, 80.18867924528301, 78.30188679245282], "validation_acc_image": [0.0, 0.0, 0.0, 0.0, 7.4074074074074066, 0.0, 0.0, 11.111111111111116, 18.518518518518523, 18.518518518518523, 25.92592592592593, 25.92592592592593, 29.629629629629626, 33.333333333333336, 44.44444444444444, 44.44444444444444, 37.03703703703704, 22.22222222222222, 33.333333333333336, 29.629629629629626, 33.333333333333336, 33.333333333333336, 29.629629629629626, 33.333333333333336, 33.333333333333336, 33.333333333333336, 33.333333333333336, 33.333333333333336, 29.629629629629626, 33.333333333333336, 29.629629629629626, 33.333333333333336, 33.333333333333336, 33.333333333333336, 33.333333333333336, 33.333333333333336, 33.333333333333336, 37.03703703703704, 37.03703703703704, 40.74074074074075, 40.74074074074075, 40.74074074074075, 48.14814814814815, 48.14814814814815, 44.44444444444444, 44.44444444444444, 40.74074074074075, 44.44444444444444, 44.44444444444444, 44.44444444444444, 44.44444444444444, 48.14814814814815, 48.14814814814815, 51.85185185185186, 51.85185185185186]}