{"epoch": [2, 4, 6, 8, 10, 12, 14, 16, 18, 20, 22, 24, 26, 28, 30, 32, 34, 36, 38, 40, 42, 44, 46, 48, 50, 52, 54, 56, 58, 60, 62, 64, 66, 68, 70, 72, 74, 76, 78, 80, 82, 84, 86, 88, 90, 92, 94, 96, 98, 100, 102, 104, 106, 108, 110], "train_loss": [0.24841003119945526, 0.2380000576376915, 0.2288641631603241, 0.2207305058836937, 0.21399978548288345, 0.20522867515683174, 0.19759150594472885, 0.18998215347528458, 0.18337951228022575, 0.17582391202449799, 0.16563107818365097, 0.1576840728521347, 0.14934036508202553, 0.14043883606791496, 0.13308199867606163, 0.12566695921123028, 0.11656838655471802, 0.10719328746199608, 0.10030665807425976, 0.09631379134953022, 0.09356378950178623, 0.08313959650695324, 0.07507574744522572, 0.07039104029536247, 0.06799392402172089, 0.0630886722356081, 0.05854216497391462, 0.05646179150789976, 0.05438048951327801, 0.049277384765446186, 0.04849069286137819, 0.04627130459994078, 0.04317542165517807, 0.0413336455821991, 0.039894082583487034, 0.03981525544077158, 0.03535241587087512, 0.03434110525995493, 0.03577292710542679, 0.033503822050988674, 0.032514811027795076, 0.031268789898604155, 0.02781115286052227, 0.027269818354398012, 0.026729585602879524, 0.02584195975214243, 0.02954942872747779, 0.024825579021126032, 0.023093323223292828, 0.022525126580148935, 0.021465796045958996, 0.021125961560755968, 0.019617664627730846, 0.018944798037409782, 0.021123160142451525], "validation_loss": [0.00813927573542441, 0.008007008702524247, 0.007819267530595102, 0.007558798117022361, 0.007226398875636439, 0.00686692806982225, 0.006519967509854225, 0.006153201383929099, 0.00586661648365759, 0.005766726309253323, 0.005751441563329389, 0.0055854777174611245, 0.005254982940612301, 0.004889260376653363, 0.0045319170721115605, 0.004246220473320254, 0.003970476648499889, 0.003725633986534611, 0.0035158720227979846, 0.0032788284363285186, 0.0030844396641177517, 0.00292079895734787, 0.002763538110640741, 0.0026189793021448196, 0.002519356627618113, 0.002401633608725763, 0.0022829134137399734, 0.002201038022195139, 0.0021162597883132195, 0.0020369918596359993, 0.0019824173181287705, 0.0019244808823831619, 0.0018823585442958339, 0.0018388708272287922, 0.0017974139942276862, 0.0017503103421580408, 0.0017337867569538854, 0.0016914743088906811, 0.0016646131632789489, 0.0016236976990776678, 0.0015993852528833573, 0.0015896390522679976, 0.0015763562292821945, 0.0015522659786285893, 0.0015266237239683828, 0.0014923874649309342, 0.001480764559199733, 0.0014784435831731366, 0.001481830112395748, 0.0014513207058752737, 0.0014491790244656225, 0.00147115126732857, 0.0014397227956402686, 0.0014186101334710275, 0.0014190862496053019], "train_acc_arrows": [53.48516218081436, 60.66252587991718, 66.66666666666667, 71.80814354727399, 75.32781228433403, 79.98619737750172, 82.29813664596273, 84.50655624568668, 87.5431331953071, 88.81987577639751, 91.30434782608697, 92.37405106970324, 93.37474120082815, 94.37543133195308, 94.61697722567288, 94.85852311939269, 95.03105590062113, 95.47964113181504, 95.13457556935818, 95.20358868184955, 95.51414768806073, 95.58316080055211, 95.75569358178055, 95.82470669427191, 95.34161490683229, 95.75569358178055, 95.68668046928917, 95.99723947550034, 95.79020013802622, 95.99723947550034, 95.89371980676329, 96.3423050379572, 96.30779848171153, 96.61835748792271, 96.54934437543133, 96.92891649413389, 96.85990338164251, 96.99792960662525, 97.23947550034507, 97.4465148378192, 97.4465148378192, 97.51552795031056, 97.96411318150449, 97.86059351276742, 97.9296066252588, 98.10213940648723, 97.86059351276742, 98.34368530020704, 98.48171152518978, 98.61973775017253, 98.79227053140096, 98.68875086266391, 98.99930986887509, 98.9648033126294, 98.79227053140096], "validation_acc_arrows": [54.83870967741935, 57.503506311360454, 63.5343618513324, 69.56521739130434, 75.17531556802244, 78.26086956521739, 80.64516129032258, 83.16970546984572, 85.13323983169705, 85.41374474053296, 85.13323983169705, 87.6577840112202, 90.18232819074335, 92.00561009817672, 92.42636746143059, 92.84712482468443, 92.84712482468443, 93.12762973352034, 93.5483870967742, 93.96914446002805, 94.109396914446, 94.109396914446, 93.96914446002805, 93.96914446002805, 93.8288920056101, 93.8288920056101, 94.109396914446, 93.96914446002805, 93.96914446002805, 94.24964936886396, 94.109396914446, 94.3899018232819, 94.3899018232819, 94.81065918653576, 94.81065918653576, 94.81065918653576, 94.81065918653576, 94.67040673211781, 94.81065918653576, 94.67040673211781, 94.53015427769986, 94.95091164095372, 94.81065918653576, 94.95091164095372, 95.09116409537167, 95.09116409537167, 95.09116409537167, 94.95091164095372, 94.81065918653576, 94.95091164095372, 94.67040673211781, 94.3899018232819, 94.95091164095372, 94.81065918653576, 94.81065918653576], "train_acc_image": [0.0, 0.0, 0.0, 0.0, 2.3809523809523836, 4.761904761904767, 8.730158730158733, 13.492063492063489, 17.460317460317466, 21.42857142857143, 29.36507936507936, 29.36507936507936, 21.42857142857143, 27.77777777777778, 26.190476190476186, 26.190476190476186, 31.746031746031743, 32.53968253968254, 28.57142857142857, 30.15873015873016, 30.952380952380953, 34.12698412698413, 37.301587301587304, 34.12698412698413, 32.53968253968254, 38.095238095238095, 36.50793650793651, 37.301587301587304, 38.095238095238095, 38.888888888888886, 38.095238095238095, 42.063492063492056, 42.063492063492056, 46.03174603174603, 45.238095238095234, 49.20634920634921, 50.79365079365079, 51.58730158730158, 52.38095238095239, 53.17460317460318, 57.93650793650793, 55.55555555555556, 63.49206349206349, 57.14285714285714, 61.111111111111114, 65.07936507936508, 61.111111111111114, 69.04761904761905, 70.63492063492063, 71.42857142857143, 75.39682539682539, 73.80952380952381, 77.77777777777779, 78.57142857142857, 75.39682539682539], "validation_acc_image": [0.0, 0.0, 0.0, 0.0, 0.0, 0.0, 0.0, 6.451612903225811, 12.903225806451612, 3.2258064516129004, 12.903225806451612, 12.903225806451612, 22.580645161290324, 35.483870967741936, 38.70967741935484, 38.70967741935484, 35.483870967741936, 35.483870967741936, 35.483870967741936, 38.70967741935484, 41.93548387096774, 41.93548387096774, 38.70967741935484, 41.93548387096774, 38.70967741935484, 38.70967741935484, 38.70967741935484, 38.70967741935484, 38.70967741935484, 32.25806451612904, 35.483870967741936, 35.483870967741936, 35.483870967741936, 38.70967741935484, 38.70967741935484, 38.70967741935484, 38.70967741935484, 38.70967741935484, 35.483870967741936, 38.70967741935484, 38.70967741935484, 35.483870967741936, 35.483870967741936, 32.25806451612904, 32.25806451612904, 32.25806451612904, 32.25806451612904, 29.032258064516125, 29.032258064516125, 29.032258064516125, 29.032258064516125, 29.032258064516125, 29.032258064516125, 29.032258064516125, 29.032258064516125]}