{"epoch": [2, 4, 6, 8, 10, 12, 14, 16, 18, 20, 22, 24, 26, 28, 30, 32, 34, 36, 38, 40, 42, 44, 46, 48, 50, 52, 54, 56, 58, 60, 62, 64, 66, 68, 70, 72, 74, 76, 78, 80, 82, 84, 86, 88, 90, 92, 94, 96, 98, 100, 102, 104, 106, 108, 110], "train_loss": [0.2506864666938782, 0.24119119346141815, 0.2333400458097458, 0.22628444731235503, 0.21883803009986877, 0.2139430373907089, 0.2064165234565735, 0.19989708065986633, 0.19220200479030608, 0.18446811139583588, 0.1780605912208557, 0.1657603532075882, 0.16219756603240967, 0.15077345073223114, 0.14928915798664094, 0.1370107501745224, 0.12542137652635574, 0.11707333326339722, 0.11757803857326507, 0.1100123479962349, 0.10589291453361512, 0.09306823760271073, 0.09157017469406128, 0.08971766233444214, 0.0807996705174446, 0.08048231899738312, 0.07430356740951538, 0.0706383854150772, 0.06485649794340134, 0.0740583747625351, 0.06794837713241578, 0.06141472384333611, 0.05775619298219681, 0.057265407592058185, 0.056450051814317705, 0.05261404886841774, 0.05107249990105629, 0.053192734718322754, 0.0485974483191967, 0.04782195836305618, 0.05456729233264923, 0.04400558844208717, 0.044058457016944885, 0.04398047775030136, 0.0460372194647789, 0.03748606517910957, 0.039119225740432736, 0.038236895203590394, 0.03470768220722675, 0.03332567662000656, 0.03369245417416096, 0.035167036578059196, 0.03111279048025608, 0.031846264749765395, 0.03349284492433071], "validation_loss": [0.007590146678866762, 0.0074220096523111515, 0.007297730355551748, 0.007120659857085257, 0.006928516608296019, 0.006571321776418975, 0.0062637907085996685, 0.0060154967235796376, 0.005816502553043943, 0.00554523684761741, 0.0052968814517512465, 0.00508876054575949, 0.004837957295504483, 0.004632211544296958, 0.004355048139890035, 0.004083018411289562, 0.003874607158429695, 0.00373655151237141, 0.003562974433104197, 0.0033215103727398496, 0.003119072679317359, 0.0029898504867698207, 0.0028121317877913966, 0.0026912382154753714, 0.00260790821277734, 0.002525880481257583, 0.0024066149736895704, 0.0023558638764150214, 0.002281618163441167, 0.0022032707929611206, 0.0021510456096042285, 0.0021477716438698044, 0.002091911028731953, 0.0020470601139646587, 0.002022617242553017, 0.0019379109144210815, 0.0019193632584629636, 0.0018546128589095492, 0.0018456169601642723, 0.0017979334701191294, 0.001815044970223398, 0.00178502183971983, 0.0017820754737565012, 0.0017330316883144956, 0.001690031678387613, 0.001662194954626488, 0.001695190528125474, 0.0016490603712472048, 0.00157501424352328, 0.001553261483257467, 0.0015402367394981961, 0.001547777968825716, 0.001534862161585779, 0.0014765474832419193, 0.0014556881153222287], "train_acc_arrows": [54.37277404036407, 61.10011871784725, 64.18678274633953, 70.24139295607439, 74.51523545706371, 77.40403640680648, 78.78907795805303, 82.11317768104472, 84.25009893153937, 85.3581321725366, 86.58488326078354, 87.96992481203007, 88.64265927977839, 89.55282944202611, 90.10684606252474, 90.70043529877326, 91.29402453502176, 91.21487930352197, 92.16462208151958, 92.5207756232687, 93.07479224376732, 93.43094578551643, 93.82667194301544, 93.86624455876533, 94.38068856351404, 94.30154333201425, 94.42026117926396, 94.57855164226355, 94.69726948951326, 94.61812425801345, 94.57855164226355, 94.65769687376336, 94.77641472101305, 94.89513256826277, 95.17214087851207, 95.21171349426197, 95.44914918876137, 95.44914918876137, 95.72615749901068, 95.68658488326078, 95.68658488326078, 96.04273842500989, 96.39889196675901, 96.08231104075979, 96.5967550455085, 96.7550455085081, 96.5967550455085, 96.87376335575782, 97.11119905025723, 97.22991689750693, 97.46735259200634, 97.30906212900673, 97.62564305500594, 97.50692520775624, 97.86307874950533], "validation_acc_arrows": [61.24401913875598, 63.1578947368421, 64.75279106858054, 66.98564593301435, 68.42105263157895, 72.72727272727273, 75.5980861244019, 77.51196172248804, 82.29665071770334, 83.5725677830941, 84.84848484848484, 86.1244019138756, 86.76236044657098, 87.08133971291866, 88.03827751196172, 88.83572567783095, 89.15470494417863, 89.47368421052632, 89.95215311004785, 90.74960127591707, 90.43062200956938, 90.59011164274322, 91.22807017543859, 91.70653907496012, 91.70653907496012, 91.70653907496012, 91.86602870813397, 92.02551834130782, 92.02551834130782, 92.02551834130782, 92.18500797448166, 92.34449760765551, 92.18500797448166, 92.18500797448166, 92.18500797448166, 92.98245614035088, 92.6634768740032, 92.98245614035088, 92.6634768740032, 92.98245614035088, 92.98245614035088, 92.50398724082935, 93.30143540669856, 93.46092503987241, 93.77990430622009, 94.09888357256779, 93.93939393939394, 93.77990430622009, 94.41786283891547, 94.41786283891547, 94.41786283891547, 94.41786283891547, 94.41786283891547, 94.57735247208932, 94.57735247208932], "train_acc_image": [0.7518796992481258, 0.7518796992481258, 3.007518796992481, 1.5037593984962405, 6.015037593984962, 9.022556390977442, 8.270676691729328, 8.270676691729328, 14.28571428571429, 13.533834586466165, 18.045112781954884, 27.819548872180455, 25.563909774436087, 24.812030075187973, 27.819548872180455, 28.57142857142857, 28.57142857142857, 27.819548872180455, 33.08270676691729, 33.83458646616542, 35.338345864661655, 36.09022556390977, 37.59398496240601, 34.58646616541353, 40.6015037593985, 38.34586466165414, 39.097744360902254, 37.59398496240601, 40.6015037593985, 39.849624060150376, 40.6015037593985, 41.35338345864662, 44.360902255639104, 42.85714285714286, 43.609022556390975, 43.609022556390975, 46.616541353383454, 45.86466165413534, 50.37593984962406, 48.872180451127825, 46.616541353383454, 48.872180451127825, 51.8796992481203, 48.872180451127825, 55.63909774436091, 57.89473684210527, 53.383458646616546, 56.390977443609025, 58.64661654135339, 60.902255639097746, 64.66165413533835, 63.90977443609023, 65.41353383458647, 64.66165413533835, 68.42105263157895], "validation_acc_image": [0.0, 0.0, 0.0, 0.0, 0.0, 3.0303030303030276, 6.060606060606055, 12.121212121212121, 18.181818181818176, 18.181818181818176, 15.151515151515149, 21.212121212121215, 15.151515151515149, 18.181818181818176, 18.181818181818176, 12.121212121212121, 15.151515151515149, 15.151515151515149, 15.151515151515149, 24.242424242424242, 12.121212121212121, 6.060606060606055, 12.121212121212121, 15.151515151515149, 15.151515151515149, 15.151515151515149, 12.121212121212121, 15.151515151515149, 12.121212121212121, 12.121212121212121, 15.151515151515149, 18.181818181818176, 18.181818181818176, 18.181818181818176, 18.181818181818176, 21.212121212121215, 18.181818181818176, 21.212121212121215, 15.151515151515149, 21.212121212121215, 21.212121212121215, 21.212121212121215, 18.181818181818176, 21.212121212121215, 21.212121212121215, 24.242424242424242, 21.212121212121215, 18.181818181818176, 27.27272727272727, 30.303030303030297, 30.303030303030297, 33.333333333333336, 30.303030303030297, 27.27272727272727, 30.303030303030297]}