{"epoch": [2, 4, 6, 8, 10, 12, 14, 16, 18, 20, 22, 24, 26, 28, 30, 32, 34, 36, 38, 40, 42, 44, 46, 48, 50, 52, 54, 56, 58, 60, 62, 64, 66, 68, 70, 72, 74, 76, 78, 80, 82, 84, 86, 88, 90, 92, 94, 96, 98, 100, 102, 104, 106, 108, 110], "train_loss": [0.2450239434838295, 0.23087279126048088, 0.21920302137732506, 0.20906898751854897, 0.1993679590523243, 0.19053703546524048, 0.1859239675104618, 0.17537584900856018, 0.16742585971951485, 0.16430891677737236, 0.15442576259374619, 0.14305391907691956, 0.1348508708178997, 0.12901474349200726, 0.12070626579225063, 0.11432310938835144, 0.10678165964782238, 0.10141876339912415, 0.09637874737381935, 0.08906321413815022, 0.08387637697160244, 0.07940210588276386, 0.07204295322299004, 0.06808133982121944, 0.06336588691920042, 0.058674425818026066, 0.059680248610675335, 0.05244896560907364, 0.04883148334920406, 0.04347799066454172, 0.04401648789644241, 0.03874791879206896, 0.03868564963340759, 0.036495158448815346, 0.03389219427481294, 0.032255969010293484, 0.027658930979669094, 0.027477973606437445, 0.026162173133343458, 0.026519714388996363, 0.02518815267831087, 0.021773466374725103, 0.020745202898979187, 0.022334037581458688, 0.02371294843032956, 0.01907887076959014, 0.01800418086349964, 0.016381339402869344, 0.015345912193879485, 0.015512259444221854, 0.017275409307330847, 0.01482003228738904, 0.014382311841472983, 0.012524769408628345, 0.014042706694453955], "validation_loss": [0.009032692228044783, 0.009104822363172258, 0.009170266134398324, 0.00921002881867545, 0.009206233280045646, 0.009153374603816442, 0.008798550282205855, 0.008133878665310996, 0.007334446800606591, 0.006832958864314216, 0.006496555571045194, 0.006266390638692039, 0.006057438573666981, 0.00571616951908384, 0.005620419979095459, 0.005416797740118844, 0.0052428703222955975, 0.005128035055739539, 0.004981339509998049, 0.004824414317096982, 0.004517287015914917, 0.004384243860840797, 0.004229813814163208, 0.004052876627870968, 0.003751626770411219, 0.0037393836038453238, 0.0036702358296939303, 0.003622233069368771, 0.003471144341996738, 0.0033651159277984072, 0.0033695663192442487, 0.0032889116555452347, 0.0031259791659457342, 0.0030378861618893488, 0.00301142010305609, 0.002951553889683315, 0.002864244527050427, 0.0028319342860153745, 0.002687405262674604, 0.0026719623378344943, 0.0026555822363921572, 0.002608247899583408, 0.0026273120726857868, 0.002489986430321421, 0.002525316019143377, 0.002532594438110079, 0.0024505268250192913, 0.002409424100603376, 0.0024084621774298804, 0.0023049254502568927, 0.002302766644528934, 0.0022600370326212476, 0.0021860619474734578, 0.0021905922996146338, 0.002119936315076692], "train_acc_arrows": [57.61904761904761, 69.64285714285714, 73.80952380952381, 77.26190476190476, 79.28571428571428, 81.96428571428571, 82.91666666666666, 84.76190476190476, 87.02380952380952, 87.08333333333333, 89.28571428571429, 91.42857142857143, 91.72619047619047, 92.85714285714286, 93.57142857142857, 94.28571428571428, 94.76190476190476, 95.29761904761904, 95.77380952380953, 96.13095238095238, 96.42857142857143, 96.8452380952381, 97.08333333333333, 97.32142857142857, 97.5, 97.73809523809524, 97.55952380952381, 97.67857142857143, 98.03571428571428, 98.09523809523809, 97.85714285714285, 98.33333333333333, 98.33333333333333, 98.09523809523809, 98.39285714285715, 98.57142857142858, 98.57142857142858, 98.92857142857143, 98.75, 98.69047619047619, 98.86904761904762, 99.04761904761905, 98.98809523809524, 98.92857142857143, 98.75, 99.28571428571429, 99.10714285714286, 99.10714285714286, 99.28571428571429, 99.22619047619048, 99.28571428571429, 99.3452380952381, 99.58333333333333, 99.64285714285714, 99.40476190476191], "validation_acc_arrows": [51.19047619047619, 50.71428571428571, 52.38095238095239, 46.19047619047619, 47.857142857142854, 49.523809523809526, 55.00000000000001, 63.33333333333333, 74.28571428571429, 79.76190476190477, 82.38095238095238, 84.52380952380952, 85.47619047619047, 86.66666666666667, 87.38095238095238, 88.09523809523809, 88.80952380952381, 88.80952380952381, 88.80952380952381, 89.04761904761904, 90.95238095238095, 90.47619047619048, 89.52380952380953, 89.52380952380953, 89.76190476190476, 89.76190476190476, 89.76190476190476, 89.76190476190476, 90.71428571428571, 90.0, 90.95238095238095, 90.47619047619048, 90.71428571428571, 90.71428571428571, 90.47619047619048, 90.71428571428571, 91.42857142857143, 91.66666666666666, 90.71428571428571, 90.95238095238095, 91.19047619047619, 91.19047619047619, 90.71428571428571, 90.95238095238095, 90.95238095238095, 90.95238095238095, 91.19047619047619, 90.71428571428571, 90.95238095238095, 91.9047619047619, 91.66666666666666, 91.66666666666666, 92.38095238095238, 92.61904761904762, 92.38095238095238], "train_acc_image": [2.67857142857143, 4.46428571428571, 7.14285714285714, 14.28571428571429, 19.64285714285714, 17.85714285714286, 12.5, 18.75, 22.32142857142857, 22.32142857142857, 38.39285714285714, 36.60714285714286, 35.71428571428571, 43.75, 42.85714285714286, 45.53571428571429, 50.0, 55.35714285714286, 54.46428571428572, 58.92857142857143, 59.82142857142857, 65.17857142857143, 66.07142857142857, 68.75, 71.42857142857143, 74.10714285714286, 70.53571428571428, 75.89285714285714, 76.78571428571428, 77.67857142857143, 75.0, 81.25, 81.25, 78.57142857142857, 80.35714285714286, 80.35714285714286, 83.03571428571428, 86.60714285714286, 83.03571428571428, 83.92857142857143, 85.71428571428572, 86.60714285714286, 87.5, 85.71428571428572, 83.92857142857143, 91.96428571428571, 89.28571428571429, 89.28571428571429, 91.96428571428571, 89.28571428571429, 90.17857142857143, 92.85714285714286, 96.42857142857143, 97.32142857142857, 93.75], "validation_acc_image": [17.85714285714286, 0.0, 0.0, 0.0, 0.0, 0.0, 3.57142857142857, 3.57142857142857, 17.85714285714286, 17.85714285714286, 32.14285714285714, 35.71428571428571, 28.57142857142857, 32.14285714285714, 32.14285714285714, 35.71428571428571, 42.85714285714286, 42.85714285714286, 42.85714285714286, 42.85714285714286, 53.57142857142857, 46.42857142857143, 42.85714285714286, 46.42857142857143, 50.0, 50.0, 50.0, 50.0, 53.57142857142857, 50.0, 53.57142857142857, 53.57142857142857, 53.57142857142857, 53.57142857142857, 53.57142857142857, 50.0, 57.14285714285714, 57.14285714285714, 57.14285714285714, 57.14285714285714, 57.14285714285714, 57.14285714285714, 57.14285714285714, 57.14285714285714, 60.71428571428572, 60.71428571428572, 64.28571428571428, 64.28571428571428, 64.28571428571428, 64.28571428571428, 60.71428571428572, 64.28571428571428, 67.85714285714286, 67.85714285714286, 64.28571428571428]}