{"epoch": [2, 4, 6, 8, 10, 12, 14, 16, 18, 20, 22, 24, 26, 28, 30, 32, 34, 36, 38, 40, 42, 44, 46, 48, 50, 52, 54, 56, 58, 60, 62, 64, 66, 68, 70, 72, 74, 76, 78, 80, 82, 84, 86, 88, 90, 92, 94, 96, 98, 100, 102, 104, 106, 108, 110], "train_loss": [0.24462506920099258, 0.23197436332702637, 0.22350643575191498, 0.2147328332066536, 0.20717697218060493, 0.19990555197000504, 0.19258477538824081, 0.1859305314719677, 0.1790311522781849, 0.1729237399995327, 0.16595635190606117, 0.15965713188052177, 0.15205049887299538, 0.14492543041706085, 0.13810137659311295, 0.1324795000255108, 0.1273883692920208, 0.12276985682547092, 0.11521600000560284, 0.11163217201828957, 0.10773343034088612, 0.10128353722393513, 0.09484438598155975, 0.08944846875965595, 0.08735036849975586, 0.08267215453088284, 0.07903487794101238, 0.07776473462581635, 0.07378111593425274, 0.0692961635068059, 0.06708371080458164, 0.0649264669045806, 0.05950216669589281, 0.05757930129766464, 0.05382867995649576, 0.05329018086194992, 0.05302046611905098, 0.04917014669626951, 0.04625427071005106, 0.04540977254509926, 0.044825864024460316, 0.0411678534001112, 0.041264696046710014, 0.03853818215429783, 0.03646030277013779, 0.03580585401505232, 0.03691526036709547, 0.032641551457345486, 0.03129211533814669, 0.029451056849211454, 0.029217245522886515, 0.02847955748438835, 0.02808458497747779, 0.026837296318262815, 0.02855543326586485], "validation_loss": [0.009024286908762795, 0.008846203131335122, 0.008686841066394533, 0.008557419691767012, 0.008400970271655492, 0.008220870579992021, 0.008045677095651627, 0.007769400519984109, 0.007431052625179291, 0.007102591118642262, 0.0068119024591786525, 0.006586008838244847, 0.0060917479651314875, 0.006067231297492981, 0.005810028208153588, 0.005580534892422813, 0.005380755556481225, 0.0051944149391991755, 0.0050667087946619305, 0.004881393696580615, 0.004730756793703351, 0.004560416830437524, 0.004463541720594678, 0.004329676340733256, 0.004138097167015076, 0.00399716358099665, 0.003931242440428052, 0.003847843568239893, 0.003760772624186107, 0.003648448469383376, 0.0035883550133023944, 0.0035171154886484146, 0.00343016189123903, 0.003330226189323834, 0.003302779048681259, 0.0032337959855794907, 0.003209152658070837, 0.0031400471925735474, 0.0030675376100199564, 0.0030347079570804325, 0.0030620300344058444, 0.00300357277904238, 0.0029190012386866976, 0.0028667588319097248, 0.0028745720961264203, 0.0028339331703526633, 0.002837331699473517, 0.0027477962097951342, 0.002726213740450995, 0.0027641145778553827, 0.002737700939178467, 0.002750995435885021, 0.0026798748544284274, 0.002736289320247514, 0.002591207357389586], "train_acc_arrows": [55.64809994794378, 64.08120770432066, 67.62103071317023, 71.62935970848517, 74.96095783446121, 77.87610619469027, 80.21863612701719, 81.8844351900052, 83.39406559083811, 85.320145757418, 86.51743883394064, 88.70380010411245, 89.12024986985945, 90.2654867256637, 90.5257678292556, 90.7339927121291, 91.72306090577824, 91.98334200937012, 92.60801665799063, 92.19156689224363, 92.71212909942739, 93.18063508589276, 92.86829776158251, 93.23269130661114, 93.49297241020302, 94.53409682457054, 94.37792816241542, 94.74232170744405, 95.00260281103591, 95.10671525247267, 95.36699635606455, 95.62727745965643, 95.99167100468506, 96.14783966684018, 96.61634565330557, 96.82457053617908, 96.61634565330557, 96.98073919833419, 97.34513274336283, 96.82457053617908, 97.03279541905258, 97.65747006767309, 97.70952628839147, 97.86569495054658, 97.91775117126497, 98.12597605413846, 97.70952628839147, 98.33420093701197, 98.43831337844873, 98.38625715773036, 98.43831337844873, 98.6985944820406, 98.64653826132222, 98.6985944820406, 98.43831337844873], "validation_acc_arrows": [40.96638655462185, 47.47899159663865, 50.42016806722689, 57.56302521008403, 60.29411764705883, 64.49579831932772, 67.43697478991596, 70.58823529411764, 74.15966386554622, 76.68067226890756, 78.36134453781513, 79.41176470588236, 81.09243697478992, 80.67226890756302, 82.14285714285714, 83.82352941176471, 84.45378151260505, 85.50420168067227, 86.5546218487395, 86.97478991596638, 87.18487394957984, 86.97478991596638, 86.97478991596638, 87.18487394957984, 87.18487394957984, 87.39495798319328, 87.60504201680672, 88.02521008403362, 88.23529411764706, 88.65546218487394, 88.65546218487394, 88.8655462184874, 89.28571428571429, 89.91596638655463, 89.70588235294117, 89.91596638655463, 89.91596638655463, 89.91596638655463, 90.33613445378151, 90.75630252100841, 89.70588235294117, 90.12605042016807, 91.38655462184873, 90.96638655462185, 90.96638655462185, 90.96638655462185, 90.96638655462185, 91.38655462184873, 91.38655462184873, 91.38655462184873, 90.75630252100841, 91.38655462184873, 91.17647058823529, 90.75630252100841, 91.38655462184873], "train_acc_image": [7.079646017699115, 6.194690265486724, 14.15929203539823, 22.123893805309734, 15.04424778761062, 18.58407079646017, 20.353982300884955, 21.238938053097346, 26.54867256637168, 23.893805309734518, 29.20353982300885, 28.31858407079646, 29.20353982300885, 33.62831858407079, 29.20353982300885, 34.51327433628318, 34.51327433628318, 34.51327433628318, 39.82300884955752, 41.5929203539823, 43.36283185840708, 43.36283185840708, 44.24778761061947, 45.13274336283186, 47.78761061946902, 53.09734513274336, 54.86725663716814, 52.212389380530965, 58.4070796460177, 55.75221238938053, 60.17699115044248, 63.716814159292035, 61.946902654867266, 66.3716814159292, 69.91150442477876, 69.91150442477876, 66.3716814159292, 69.91150442477876, 72.56637168141593, 66.3716814159292, 70.79646017699115, 75.2212389380531, 73.45132743362832, 76.99115044247787, 76.99115044247787, 79.64601769911505, 75.2212389380531, 80.53097345132744, 80.53097345132744, 80.53097345132744, 82.30088495575221, 83.1858407079646, 82.30088495575221, 83.1858407079646, 84.070796460177], "validation_acc_image": [3.57142857142857, 21.42857142857143, 17.85714285714286, 14.28571428571429, 10.71428571428571, 21.42857142857143, 14.28571428571429, 17.85714285714286, 10.71428571428571, 14.28571428571429, 14.28571428571429, 7.14285714285714, 14.28571428571429, 14.28571428571429, 14.28571428571429, 17.85714285714286, 14.28571428571429, 21.42857142857143, 17.85714285714286, 28.57142857142857, 28.57142857142857, 25.0, 21.42857142857143, 25.0, 17.85714285714286, 17.85714285714286, 21.42857142857143, 25.0, 28.57142857142857, 28.57142857142857, 32.14285714285714, 28.57142857142857, 32.14285714285714, 32.14285714285714, 32.14285714285714, 32.14285714285714, 32.14285714285714, 39.28571428571429, 35.71428571428571, 39.28571428571429, 39.28571428571429, 39.28571428571429, 50.0, 50.0, 53.57142857142857, 53.57142857142857, 53.57142857142857, 53.57142857142857, 53.57142857142857, 53.57142857142857, 50.0, 53.57142857142857, 53.57142857142857, 50.0, 50.0]}