{"epoch": [15, 30, 45, 60, 75, 90, 105, 120, 135, 150, 165, 180, 195, 210, 225, 240, 255, 270, 285, 300, 315, 330, 345, 360, 375, 390, 405, 420, 435, 450, 465, 480, 495, 510, 525, 540, 555, 570, 585, 600, 615, 630, 645, 660, 675, 690, 705, 720, 735, 750, 765, 780, 795, 810, 825, 840, 855, 870, 885, 900, 915, 930, 945, 960, 975, 990, 1005, 1020, 1035, 1050, 1065, 1080, 1095, 1110, 1125, 1140, 1155, 1170, 1185, 1200, 1215, 1230, 1245, 1260, 1275, 1290, 1305, 1320, 1335, 1350, 1365, 1380, 1395, 1410, 1425, 1440, 1455, 1470, 1485, 1500, 1515, 1530, 1545, 1560, 1575, 1590, 1605, 1620, 1635, 1650, 1665, 1680, 1695, 1710, 1725, 1740, 1755, 1770, 1785, 1800, 1815, 1830, 1845, 1860, 1875, 1890, 1905, 1920, 1935, 1950, 1965, 1980, 1995], "train_loss": [927433.4791252485, 780973.9562624254, 479335.10536779324, 193261.83300198807, 66707.82902584493, 27194.936133200794, 10506.152708747515, 16017.899416003977, 8218.68147365805, 11025.455268389662, 13213.181970675945, 9682.376056163022, 9436.185045974154, 8768.261369284295, 6755.166998011929, 17392.26581138171, 8325.601578031808, 7594.338438121273, 7521.662027833002, 6909.0441569334, 5149.256461232604, 16056.880653578528, 9612.698527584493, 6751.896760064612, 8825.111145626242, 10127.7946694831, 5767.329926689861, 4546.790320576541, 12784.855492047715, 4573.374378727634, 6286.001957007952, 9986.256927186878, 4644.242948558648, 8446.123819582504, 6167.5807343439365, 3703.2362388170973, 4112.881911655069, 6101.955827534791, 8842.77941724652, 6198.964773856859, 7480.616177932406, 8513.007579522862, 5760.300633697813, 6198.493367917495, 7196.5085114314115, 7228.163239314115, 5167.156700422465, 8791.220520626242, 2869.3353472912527, 4875.191041252485, 4098.041283548708, 4098.958157306163, 6771.317345924454, 8287.585362823062, 4883.641883076541, 9998.046968190854, 5093.279510437375, 4426.149757703777, 7725.256663146123, 6330.129504224652, 4398.477820576541, 3617.743476640159, 3244.742265159046, 6646.436319582505, 4925.113102634195, 11085.5264972664, 6130.493554299204, 2543.6484996272366, 5450.068184642148, 5804.174857107356, 3290.474310387674, 5343.07012611829, 3838.5191196570577, 7489.998244905567, 2376.9461822813123, 4698.2438804671965, 5207.596576789264, 5366.03415444831, 2717.12844806163, 8788.933275347912, 3685.096965084493, 3118.5271030069584, 3595.6383573558646, 3150.7824925447317, 3134.5374782554672, 4995.273421968191, 4891.798987326044, 4719.039916749503, 2889.2467227882703, 3549.360213717694, 2601.1046377982107, 2069.844899353877, 2274.342352137177, 2719.378013170974, 3215.6558461729624, 1746.306613444334, 2902.9082225397615, 1832.567912835487, 2315.2060605119286, 4025.863320079523, 3977.727665258449, 4158.336450049702, 3288.7165988444335, 3725.797076913519, 3808.8598021247517, 2808.213352696322, 3237.394834120278, 2361.1918178429423, 1314.5009163767395, 1708.1355693961232, 2309.4856408424453, 1394.1523592818091, 1981.6600436443837, 2468.4459570700797, 1711.2367513667991, 1166.2479187375745, 1719.6569023359841, 1943.1662990805169, 3275.086644197316, 1431.6419529696818, 1585.7270129224653, 2354.5267147117297, 2334.035956138171, 2170.3573480989066, 2602.770222415507, 2476.6231361829027, 4901.261151838966, 2717.514902770875, 1133.0455936257456, 3242.122654696819, 3099.9924515407556, 1325.5602401217693, 6053.6897521123265], "validation_loss": [474013.1633466135, 417246.7250996016, 273942.438247012, 167350.51792828686, 111569.09163346613, 102814.92430278884, 96187.82470119522, 91061.33864541832, 90964.23107569721, 91335.90438247012, 91104.45418326693, 92264.17529880478, 88351.26693227091, 90619.72111553785, 89555.31474103585, 90687.47410358566, 90904.62151394422, 90061.81673306772, 89610.82071713147, 93755.82470119522, 88583.34661354581, 88614.75697211156, 86823.21115537849, 85321.77689243028, 88893.96015936256, 90791.75298804781, 85232.78884462151, 86490.77290836653, 86813.77689243028, 88874.96414342629, 87923.16334661354, 87700.74103585657, 89162.98804780876, 84135.56972111553, 87857.07569721116, 89359.00398406375, 85079.75298804781, 86107.38645418327, 88742.62948207172, 85103.86454183266, 81531.58565737052, 85969.76892430279, 86349.40239043825, 83998.35059760956, 83610.66932270916, 81221.593625498, 80802.94820717131, 82001.6015936255, 86443.9920318725, 84541.02788844622, 83167.03585657371, 82532.4780876494, 83863.25099601594, 87802.3187250996, 85587.5219123506, 83441.09163346613, 82416.11952191235, 80388.66135458168, 82926.73306772909, 83137.02788844622, 81331.29083665338, 82716.54980079681, 82100.01593625497, 82540.13545816734, 81455.55378486056, 84749.80079681275, 85157.56175298805, 81208.73306772909, 80813.29083665338, 82351.92828685259, 83290.16733067729, 83403.18725099602, 78514.18326693228, 79514.35856573706, 80752.81274900398, 80158.29482071713, 81303.30677290837, 79345.09960159363, 84374.70119521912, 81526.98804780876, 82815.56175298805, 79594.8764940239, 78289.85657370518, 81295.86454183266, 78672.44621513944, 77640.89243027888, 78957.42629482072, 78230.35856573706, 80030.43027888447, 79944.70916334662, 78711.30677290837, 79736.43824701195, 79671.68924302788, 81499.5219123506, 79618.04780876494, 77390.3187250996, 75483.00398406375, 77176.18326693228, 74847.05976095618, 79279.56972111553, 75551.34661354581, 78740.390438247, 75981.85657370518, 75363.53784860557, 74140.35059760956, 76688.2390438247, 74768.82868525897, 75928.98007968128, 75262.26294820716, 77801.68924302788, 75791.58565737052, 74896.12749003984, 76088.796812749, 74923.05976095618, 80746.92430278884, 75252.22310756972, 72980.30278884462, 73324.55776892431, 76416.30278884462, 73609.9203187251, 73200.65338645419, 76298.52589641434, 73610.8764940239, 75954.92430278884, 74480.59760956175, 78157.8406374502, 74084.57370517928, 74230.24701195219, 74524.29482071713, 75592.38247011953, 73787.1952191235, 73707.16334661354, 73081.45816733068],