{"epoch": [2, 4, 6, 8, 10, 12, 14, 16, 18, 20, 22, 24, 26, 28, 30, 32, 34, 36, 38, 40, 42, 44, 46, 48, 50, 52, 54, 56, 58, 60, 62, 64, 66, 68, 70, 72, 74, 76, 78, 80, 82, 84, 86, 88, 90, 92, 94, 96, 98, 100, 102, 104, 106, 108, 110], "train_loss": [0.23029297962784767, 0.20918529480695724, 0.19187818095088005, 0.17877712845802307, 0.16827767342329025, 0.16184749454259872, 0.15169794484972954, 0.1468721739947796, 0.13692638278007507, 0.1295311003923416, 0.12312990054488182, 0.11612986214458942, 0.1156257763504982, 0.10388671606779099, 0.10103925690054893, 0.09373951703310013, 0.09063600562512875, 0.08242019638419151, 0.08035186305642128, 0.07458064518868923, 0.06879568193107843, 0.06794985570013523, 0.05958878435194492, 0.056137788109481335, 0.054821236059069633, 0.04953562282025814, 0.04507462680339813, 0.043208152055740356, 0.04555425187572837, 0.04712734371423721, 0.03981306869536638, 0.034365405328571796, 0.03312917519360781, 0.031362054869532585, 0.027933232951909304, 0.026036822237074375, 0.0269488706253469, 0.02258295612409711, 0.021456256741657853, 0.024666402023285627, 0.02424698183313012, 0.017643664265051484, 0.01772953849285841, 0.015656582079827785, 0.015193193685263395, 0.01373886433430016, 0.017808559350669384, 0.016577358823269606, 0.017380564007908106, 0.011941172881051898, 0.012167681707069278, 0.010749085922725499, 0.010567008750513196, 0.011626074090600014, 0.009432066231966019], "validation_loss": [0.008808216144298685, 0.008970666548301434, 0.009017140700899321, 0.009004548705857375, 0.0089518037335626, 0.008787932067081845, 0.008331141081349603, 0.007696487266441871, 0.006918398984547319, 0.00621666733560891, 0.005572799978585079, 0.0051019022177005635, 0.0047289436233454735, 0.004407153561197478, 0.0042587207822964105, 0.004154172180027798, 0.00396428925210032, 0.0037584518050325327, 0.0036776826299470045, 0.0035983334327566213, 0.0034839130681136557, 0.003435920795490002, 0.003338583327572921, 0.0031898381381199278, 0.003075305500934864, 0.0030578161621915884, 0.0029811067827816666, 0.002902418631931831, 0.002775749512787523, 0.0026764173446030453, 0.0027304556349228167, 0.0025805486687298478, 0.0024940034952656977, 0.0024460895821965976, 0.0024497200702798777, 0.0023818000637251756, 0.002241251026761943, 0.002209532106744832, 0.002200471173072683, 0.0022190544625808454, 0.0021237314775072293, 0.002035300022569196, 0.002028974993475552, 0.002045676240633274, 0.001966153753214869, 0.0019696818600440846, 0.001967293435129626, 0.0018865405742464394, 0.0018998356214885053, 0.0018123401136233889, 0.001822802527197476, 0.0018407594541023518, 0.0017994079610397075, 0.0017745533380015143, 0.0017642864379389532], "train_acc_arrows": [66.8859649122807, 76.09649122807018, 81.46929824561404, 85.96491228070175, 88.59649122807018, 89.58333333333334, 91.8859649122807, 92.32456140350878, 94.2982456140351, 94.95614035087719, 95.17543859649122, 95.50438596491229, 95.39473684210526, 96.8201754385965, 96.38157894736842, 97.03947368421053, 97.36842105263158, 98.1359649122807, 97.80701754385966, 98.35526315789474, 98.1359649122807, 98.1359649122807, 98.68421052631578, 98.79385964912281, 98.90350877192982, 98.90350877192982, 99.01315789473685, 99.12280701754386, 99.4517543859649, 99.12280701754386, 99.4517543859649, 99.4517543859649, 99.56140350877193, 99.67105263157895, 99.78070175438597, 99.67105263157895, 99.56140350877193, 99.78070175438597, 99.89035087719299, 99.78070175438597, 99.89035087719299, 99.89035087719299, 99.89035087719299, 99.89035087719299, 99.89035087719299, 99.89035087719299, 99.89035087719299, 99.89035087719299, 99.89035087719299, 99.89035087719299, 99.78070175438597, 99.89035087719299, 99.89035087719299, 99.89035087719299, 99.89035087719299], "validation_acc_arrows": [51.293103448275865, 51.293103448275865, 51.293103448275865, 45.689655172413794, 48.706896551724135, 55.172413793103445, 55.603448275862064, 59.48275862068966, 65.51724137931035, 75.43103448275862, 82.32758620689656, 85.34482758620689, 87.06896551724138, 88.79310344827587, 88.36206896551724, 88.79310344827587, 89.65517241379311, 90.08620689655173, 89.22413793103449, 89.22413793103449, 89.22413793103449, 89.65517241379311, 91.37931034482759, 91.37931034482759, 90.51724137931035, 90.51724137931035, 93.10344827586206, 93.10344827586206, 93.10344827586206, 93.53448275862068, 93.53448275862068, 93.53448275862068, 93.53448275862068, 93.96551724137932, 93.96551724137932, 93.96551724137932, 94.82758620689656, 94.82758620689656, 94.82758620689656, 93.53448275862068, 94.82758620689656, 94.82758620689656, 94.39655172413794, 94.39655172413794, 94.82758620689656, 94.39655172413794, 94.39655172413794, 95.25862068965517, 94.82758620689656, 95.25862068965517, 94.82758620689656, 94.82758620689656, 94.82758620689656, 95.25862068965517, 95.6896551724138], "train_acc_image": [21.92982456140351, 28.07017543859649, 35.08771929824561, 39.473684210526315, 48.24561403508771, 54.385964912280706, 64.91228070175438, 62.28070175438596, 69.29824561403508, 72.80701754385966, 72.80701754385966, 74.56140350877193, 73.6842105263158, 82.45614035087719, 78.94736842105263, 82.45614035087719, 85.08771929824562, 89.47368421052632, 86.8421052631579, 90.35087719298247, 91.22807017543859, 88.59649122807018, 91.22807017543859, 91.22807017543859, 93.85964912280701, 93.85964912280701, 92.98245614035088, 92.98245614035088, 95.6140350877193, 95.6140350877193, 95.6140350877193, 95.6140350877193, 96.49122807017544, 97.36842105263158, 98.24561403508771, 97.36842105263158, 96.49122807017544, 98.24561403508771, 99.12280701754386, 98.24561403508771, 99.12280701754386, 99.12280701754386, 99.12280701754386, 99.12280701754386, 99.12280701754386, 99.12280701754386, 99.12280701754386, 99.12280701754386, 99.12280701754386, 99.12280701754386, 98.24561403508771, 99.12280701754386, 99.12280701754386, 99.12280701754386, 99.12280701754386], "validation_acc_image": [0.0, 0.0, 0.0, 0.0, 13.793103448275868, 27.586206896551722, 27.586206896551722, 31.034482758620683, 27.586206896551722, 34.48275862068966, 55.172413793103445, 58.62068965517242, 58.62068965517242, 62.06896551724138, 62.06896551724138, 62.06896551724138, 62.06896551724138, 62.06896551724138, 58.62068965517242, 58.62068965517242, 58.62068965517242, 58.62068965517242, 58.62068965517242, 58.62068965517242, 62.06896551724138, 58.62068965517242, 62.06896551724138, 62.06896551724138, 62.06896551724138, 65.51724137931035, 65.51724137931035, 65.51724137931035, 65.51724137931035, 65.51724137931035, 65.51724137931035, 65.51724137931035, 68.96551724137932, 68.96551724137932, 68.96551724137932, 65.51724137931035, 68.96551724137932, 68.96551724137932, 68.96551724137932, 72.41379310344827, 72.41379310344827, 72.41379310344827, 72.41379310344827, 72.41379310344827, 72.41379310344827, 72.41379310344827, 72.41379310344827, 72.41379310344827, 72.41379310344827, 72.41379310344827, 68.96551724137932]}