{"epoch": [2, 4, 6, 8, 10, 12, 14, 16, 18, 20, 22, 24, 26, 28, 30, 32, 34, 36, 38, 40, 42, 44, 46, 48, 50, 52, 54, 56, 58, 60, 62, 64, 66, 68, 70, 72, 74, 76, 78, 80, 82, 84, 86, 88, 90, 92, 94, 96, 98, 100, 102, 104, 106, 108, 110], "train_loss": [0.22535930573940277, 0.20529101192951202, 0.1899971157312393, 0.17511727511882783, 0.16585378348827362, 0.15071280896663666, 0.14196423888206483, 0.13473542481660844, 0.12098289728164673, 0.11619309931993485, 0.10384402722120285, 0.10093382298946381, 0.09154313951730728, 0.08769627809524536, 0.07945374399423599, 0.08132582157850266, 0.06947248280048371, 0.06631129086017609, 0.061925321072340014, 0.06229203641414642, 0.05847776085138321, 0.05543762296438217, 0.047140538692474365, 0.04434279724955559, 0.04293966144323349, 0.04467269107699394, 0.04774433523416519, 0.03657073862850666, 0.03391229957342148, 0.034259406849741936, 0.0311982337385416, 0.026326847448945045, 0.027194086462259293, 0.028847505524754524, 0.020805038698017597, 0.020754730515182018, 0.021685655042529107, 0.020683336816728116, 0.021174510940909386, 0.017282139137387277, 0.015319781564176082, 0.015541815012693406, 0.014846437051892281, 0.013404215127229691, 0.014517883583903313, 0.012767797522246837, 0.011635904107242823, 0.010074098221957683, 0.01048454623669386, 0.011294170841574669, 0.01723494492471218, 0.009448611456900836, 0.0087248838506639, 0.008921210374683141, 0.007601895742118359], "validation_loss": [0.007547126096837661, 0.007971604957300074, 0.008372513686909396, 0.008429514134631437, 0.008105906493523541, 0.007208631757427664, 0.0059428368421161875, 0.004952461842228384, 0.004298259668490466, 0.003926047507454367, 0.003685267532573027, 0.0036289650289451376, 0.0034000531715505265, 0.0032293509472818937, 0.003209909095483668, 0.0030174737467485316, 0.0029480691780062285, 0.0028024657684213973, 0.0027953918804140654, 0.002804082982680377, 0.002762876231880749, 0.002658700680031496, 0.0025074975017239064, 0.002635363270254696, 0.002518097048296648, 0.0024073244455982655, 0.0023937979165245503, 0.0024631065042579874, 0.0022611192920628715, 0.0023085871601805966, 0.0021964004811118633, 0.002166942200239967, 0.002102850772002164, 0.00226199407787884, 0.0020339368459056408, 0.002292572575456956, 0.0021928353782962352, 0.002138211446649888, 0.0021542687626445994, 0.0021255235461627737, 0.0020395107567310333, 0.0020579963045961715, 0.001953482408733929, 0.0025028220432646133, 0.0019528841709389405, 0.0019773871583097123, 0.001994028249207665, 0.002001308342989753, 0.0018789128345601698, 0.0020305001560379475, 0.001971172059283537, 0.0021173476296312667, 0.001953460495261585, 0.001864064484834671, 0.0019836489330319796], "train_acc_arrows": [68.4380032206119, 81.32045088566828, 86.47342995169083, 88.64734299516908, 89.69404186795491, 91.46537842190016, 92.27053140096618, 91.78743961352657, 92.8341384863124, 92.7536231884058, 92.7536231884058, 92.512077294686, 92.8341384863124, 93.39774557165862, 93.88083735909822, 93.71980676328502, 94.76650563607085, 95.00805152979066, 95.16908212560386, 95.41062801932367, 96.05475040257649, 96.5378421900161, 96.61835748792271, 97.18196457326891, 97.34299516908213, 97.66505636070853, 97.74557165861513, 97.90660225442835, 98.38969404186795, 98.63123993558777, 98.06763285024155, 98.95330112721416, 99.03381642512076, 99.11433172302738, 99.51690821256038, 99.59742351046698, 99.59742351046698, 99.43639291465378, 99.43639291465378, 99.59742351046698, 99.6779388083736, 99.43639291465378, 99.7584541062802, 99.6779388083736, 99.6779388083736, 99.7584541062802, 99.6779388083736, 99.8389694041868, 99.8389694041868, 99.7584541062802, 99.43639291465378, 99.8389694041868, 99.9194847020934, 99.9194847020934, 99.9194847020934], "validation_acc_arrows": [51.307189542483655, 51.307189542483655, 51.307189542483655, 51.307189542483655, 51.63398692810457, 58.16993464052287, 74.18300653594771, 85.94771241830065, 85.94771241830065, 87.25490196078431, 87.58169934640523, 87.58169934640523, 87.58169934640523, 88.56209150326796, 89.54248366013073, 89.54248366013073, 89.54248366013073, 89.86928104575163, 90.84967320261438, 90.84967320261438, 90.19607843137256, 91.17647058823529, 90.52287581699346, 90.19607843137256, 90.19607843137256, 90.52287581699346, 90.52287581699346, 90.19607843137256, 90.19607843137256, 90.19607843137256, 90.19607843137256, 90.19607843137256, 89.86928104575163, 89.54248366013073, 90.52287581699346, 89.86928104575163, 88.88888888888889, 90.19607843137256, 89.21568627450979, 90.19607843137256, 89.86928104575163, 90.52287581699346, 91.17647058823529, 88.56209150326796, 90.52287581699346, 90.19607843137256, 89.86928104575163, 89.86928104575163, 89.86928104575163, 90.19607843137256, 89.86928104575163, 89.54248366013073, 89.86928104575163, 90.52287581699346, 89.86928104575163], "train_acc_image": [23.913043478260864, 31.88405797101449, 35.507246376811594, 42.7536231884058, 43.47826086956522, 52.89855072463768, 54.347826086956516, 52.89855072463768, 55.072463768115945, 55.79710144927537, 60.14492753623188, 57.971014492753625, 57.2463768115942, 59.42028985507246, 61.59420289855073, 63.04347826086957, 63.76811594202898, 65.21739130434783, 65.94202898550725, 67.3913043478261, 71.01449275362319, 74.63768115942028, 76.08695652173914, 80.43478260869566, 80.43478260869566, 83.33333333333334, 84.05797101449275, 83.33333333333334, 88.40579710144928, 89.13043478260869, 87.68115942028986, 92.7536231884058, 93.47826086956522, 94.20289855072464, 96.37681159420289, 96.37681159420289, 96.37681159420289, 94.92753623188406, 94.92753623188406, 96.37681159420289, 97.10144927536231, 96.37681159420289, 98.55072463768117, 97.82608695652173, 97.10144927536231, 97.82608695652173, 97.10144927536231, 98.55072463768117, 98.55072463768117, 97.82608695652173, 94.92753623188406, 98.55072463768117, 99.27536231884058, 99.27536231884058, 99.27536231884058], "validation_acc_image": [11.764705882352944, 11.764705882352944, 11.764705882352944, 11.764705882352944, 11.764705882352944, 11.764705882352944, 32.35294117647059, 47.05882352941176, 38.23529411764706, 38.23529411764706, 38.23529411764706, 38.23529411764706, 35.29411764705882, 35.29411764705882, 44.11764705882353, 44.11764705882353, 44.11764705882353, 47.05882352941176, 52.94117647058824, 50.0, 52.94117647058824, 55.88235294117647, 52.94117647058824, 61.76470588235294, 58.82352941176471, 58.82352941176471, 61.76470588235294, 61.76470588235294, 61.76470588235294, 61.76470588235294, 61.76470588235294, 61.76470588235294, 55.88235294117647, 61.76470588235294, 64.70588235294117, 58.82352941176471, 58.82352941176471, 61.76470588235294, 61.76470588235294, 61.76470588235294, 64.70588235294117, 61.76470588235294, 64.70588235294117, 55.88235294117647, 61.76470588235294, 58.82352941176471, 58.82352941176471, 58.82352941176471, 64.70588235294117, 67.64705882352942, 61.76470588235294, 61.76470588235294, 58.82352941176471, 64.70588235294117, 58.82352941176471]}