{"epoch": [2, 4, 6, 8, 10, 12, 14, 16, 18, 20, 22, 24, 26, 28, 30, 32, 34, 36, 38, 40, 42, 44, 46, 48, 50, 52, 54, 56, 58, 60, 62, 64, 66, 68, 70, 72, 74, 76, 78, 80, 82, 84, 86, 88, 90, 92, 94, 96, 98, 100, 102, 104, 106, 108, 110], "train_loss": [0.25018327683210373, 0.23315878957509995, 0.22241667658090591, 0.2084174007177353, 0.20208642880121866, 0.1899664228161176, 0.17841345568497977, 0.17672000328699747, 0.15974575281143188, 0.15073354045550028, 0.14039518187443414, 0.1331668645143509, 0.1330121085047722, 0.12089172378182411, 0.1076664887368679, 0.10544587423404057, 0.090650275349617, 0.08977640544374783, 0.08860813950498898, 0.09048112357656161, 0.08317378039161365, 0.06769447959959507, 0.06918023837109406, 0.08081806016465028, 0.06882765082021554, 0.05512587788204352, 0.06564706812302272, 0.05451242563625177, 0.0493938693155845, 0.05122544181843599, 0.044585054119428, 0.0413420752932628, 0.04820098169147968, 0.045220393066604934, 0.03859460571159919, 0.03579534776508808, 0.04336849475900332, 0.03327981506784757, 0.03621643067648014, 0.037734077932933964, 0.048020416870713234, 0.034031644463539124, 0.02983012981712818, 0.03760990003744761, 0.02472995842496554, 0.057229673800369106, 0.03855254470060269, 0.027100626689692337, 0.023139544141789276, 0.040006726359327636, 0.019720512597511213, 0.022808222100138664, 0.02144194735834996, 0.02634689398109913, 0.019644428199778], "validation_loss": [0.006187202726922384, 0.0060679131164783386, 0.005989909898944017, 0.005699418303443164, 0.0052961260080337524, 0.004864066112332228, 0.004542510683943585, 0.0041523808386267685, 0.0038747871067465805, 0.003703364148372557, 0.003523202204122776, 0.003291516405780141, 0.003118419429151023, 0.002976924544427453, 0.0029108613366033973, 0.0025945700159886987, 0.0024946435559086684, 0.002414273961288173, 0.00227041433497173, 0.002162533562357833, 0.0020915522444538955, 0.0019958722518711555, 0.0019469242997285797, 0.0018516637203170032, 0.0018253760730347981, 0.0017903027374569962, 0.0016314674441407367, 0.001527922545991293, 0.0015408374914308873, 0.0015403795533063935, 0.0014115859095643207, 0.001446738566567258, 0.0013474156035155785, 0.001266811951631453, 0.001308710200757515, 0.0013486633940440853, 0.0012912139659974633, 0.0014020864193032428, 0.0012166011260776985, 0.0010580202428306022, 0.0010581168277961452, 0.0011722414595324818, 0.0011259286505420033, 0.001125647981719273, 0.00105934326605099, 0.0010021318931405137, 0.0010095888339891666, 0.0010506769687664219, 0.001022470615259031, 0.0009561950658879629, 0.0009944459832296139, 0.0010189267738563259, 0.000968198950697736, 0.0009653978049755096, 0.000993822496838686], "train_acc_arrows": [52.13414634146341, 62.13414634146341, 69.42073170731707, 74.84756097560977, 79.60365853658537, 82.40853658536585, 84.7560975609756, 86.82926829268293, 88.6280487804878, 89.14634146341463, 89.45121951219512, 90.3658536585366, 90.48780487804878, 92.10365853658537, 92.31707317073172, 92.8658536585366, 93.07926829268293, 93.65853658536585, 93.14024390243902, 94.26829268292683, 94.51219512195121, 94.14634146341463, 94.60365853658537, 94.6341463414634, 95.09146341463415, 96.00609756097562, 95.85365853658536, 95.70121951219512, 96.03658536585365, 96.58536585365853, 96.3109756097561, 96.92073170731707, 96.82926829268293, 96.89024390243902, 97.34756097560975, 97.40853658536585, 97.3780487804878, 97.16463414634147, 97.01219512195122, 97.10365853658537, 96.6158536585366, 97.40853658536585, 97.92682926829268, 98.01829268292683, 98.38414634146342, 97.89634146341464, 97.53048780487805, 98.10975609756098, 98.50609756097562, 97.92682926829268, 98.50609756097562, 98.56707317073172, 98.35365853658537, 98.35365853658537, 98.53658536585365], "validation_acc_arrows": [42.5609756097561, 45.853658536585364, 54.51219512195122, 59.8780487804878, 71.95121951219512, 80.2439024390244, 83.78048780487805, 85.97560975609755, 87.1951219512195, 88.41463414634147, 89.02439024390245, 89.75609756097562, 90.3658536585366, 90.97560975609757, 91.82926829268293, 92.8048780487805, 92.6829268292683, 92.5609756097561, 92.5609756097561, 92.31707317073172, 92.31707317073172, 92.6829268292683, 92.6829268292683, 93.17073170731706, 92.5609756097561, 92.6829268292683, 93.41463414634146, 93.65853658536585, 93.65853658536585, 93.41463414634146, 94.02439024390243, 93.90243902439023, 94.02439024390243, 94.26829268292683, 93.78048780487805, 94.02439024390243, 94.02439024390243, 93.17073170731706, 94.39024390243902, 94.51219512195121, 94.26829268292683, 94.39024390243902, 94.51219512195121, 94.26829268292683, 94.02439024390243, 94.14634146341463, 95.36585365853658, 94.39024390243902, 94.02439024390243, 94.6341463414634, 95.24390243902438, 94.7560975609756, 95.1219512195122, 95.1219512195122, 94.14634146341463], "train_acc_image": [6.0975609756097615, 11.585365853658535, 9.14634146341463, 12.195121951219512, 16.463414634146346, 15.243902439024392, 20.731707317073166, 26.82926829268293, 32.92682926829268, 31.707317073170728, 34.14634146341463, 31.707317073170728, 29.87804878048781, 34.14634146341463, 35.36585365853659, 40.243902439024396, 42.07317073170732, 44.512195121951216, 45.12195121951219, 44.512195121951216, 49.390243902439025, 41.463414634146346, 45.12195121951219, 49.390243902439025, 54.268292682926834, 51.829268292682926, 52.4390243902439, 54.87804878048781, 53.04878048780488, 61.58536585365854, 60.36585365853659, 59.14634146341464, 63.41463414634146, 64.02439024390245, 65.85365853658536, 66.46341463414633, 64.63414634146342, 64.63414634146342, 62.80487804878049, 61.58536585365854, 55.487804878048784, 67.07317073170731, 72.5609756097561, 72.5609756097561, 77.4390243902439, 77.4390243902439, 66.46341463414633, 71.95121951219512, 76.82926829268293, 73.78048780487805, 78.65853658536585, 77.4390243902439, 76.82926829268293, 75.60975609756098, 77.4390243902439], "validation_acc_image": [12.195121951219512, 0.0, 0.0, 2.4390243902439046, 0.0, 19.512195121951216, 29.268292682926834, 31.707317073170728, 26.82926829268293, 31.707317073170728, 34.14634146341463, 26.82926829268293, 34.14634146341463, 26.82926829268293, 26.82926829268293, 26.82926829268293, 29.268292682926834, 31.707317073170728, 31.707317073170728, 26.82926829268293, 26.82926829268293, 26.82926829268293, 31.707317073170728, 34.14634146341463, 26.82926829268293, 26.82926829268293, 29.268292682926834, 26.82926829268293, 29.268292682926834, 34.14634146341463, 34.14634146341463, 36.58536585365854, 34.14634146341463, 39.02439024390244, 31.707317073170728, 29.268292682926834, 36.58536585365854, 34.14634146341463, 43.90243902439024, 46.34146341463414, 41.463414634146346, 36.58536585365854, 34.14634146341463, 36.58536585365854, 48.78048780487805, 43.90243902439024, 36.58536585365854, 36.58536585365854, 39.02439024390244, 46.34146341463414, 48.78048780487805, 39.02439024390244, 43.90243902439024, 46.34146341463414, 41.463414634146346]}