{"epoch": [5, 10, 15, 20, 25, 30, 35, 40, 45, 50, 55, 60, 65, 70, 75, 80, 85, 90, 95, 100, 105, 110, 115, 120, 125, 130, 135, 140, 145, 150, 155, 160, 165, 170, 175, 180, 185, 190, 195, 200, 205, 210, 215, 220, 225, 230, 235, 240, 245, 250], "train_loss": [0.2323504351079464, 0.21359459310770035, 0.19925803691148758, 0.1832885704934597, 0.1713043376803398, 0.15966146439313889, 0.1519625261425972, 0.13864224776625633, 0.13139839842915535, 0.12413877993822098, 0.11170686222612858, 0.10269086994230747, 0.09728636592626572, 0.0911949872970581, 0.08446753025054932, 0.07735980674624443, 0.07079827599227428, 0.06987052597105503, 0.06332910433411598, 0.056101699359714985, 0.05287636909633875, 0.047451467253267765, 0.045717503875494, 0.04278117977082729, 0.04224643483757973, 0.03575037885457277, 0.03150826785713434, 0.037524618208408356, 0.02870988054201007, 0.027505814563483, 0.025521224830299616, 0.021879252046346664, 0.02332174638286233, 0.018802886828780174, 0.019256944302469492, 0.02001933241263032, 0.015543566551059484, 0.019765036646276712, 0.01696810801513493, 0.015928895445540547, 0.014223698992282152, 0.012715699151158333, 0.010232668602839112, 0.009715659776702523, 0.01020071585662663, 0.010040910448879004, 0.011676847818307579, 0.008622640511021018, 0.010402325307950377, 0.010836537927389145], "validation_loss": [0.008678724920308148, 0.008027269884392067, 0.0075841181808047825, 0.007273157437642415, 0.006687917091228344, 0.00633147414083834, 0.00578788419564565, 0.00552009211646186, 0.005145580680282028, 0.004747916702870969, 0.004353158451892712, 0.004038132451198719, 0.0039342208592979995, 0.0037143567094096433, 0.003395954491915526, 0.003236688121601387, 0.003052935004234314, 0.00283403805008641, 0.0027355537922294053, 0.0026141214701864454, 0.0024190241539919816, 0.0023218660994812294, 0.0022167650361855826, 0.0021008150996985257, 0.0019675293178470048, 0.0018918634288840825, 0.0018501974366329334, 0.001729311490500415, 0.0017326456253175383, 0.0016864098056598945, 0.0016475768276938685, 0.0016062305205398137, 0.0015697304021429132, 0.001544568963624813, 0.0014887976425665397, 0.0014562737886552458, 0.0014254550139109294, 0.001422716373646701, 0.0013980119040718786, 0.0013758204877376556, 0.0013459755314721002, 0.001336431199753726, 0.0013133332961135441, 0.001305087986919615, 0.0012876118222872417, 0.0012601972730071455, 0.0012284302049212987, 0.0012462506139719928, 0.0012336293304408038, 0.0012280035901952673], "train_acc_arrows": [65.23584905660378, 78.8679245283019, 86.69811320754717, 91.32075471698113, 94.52830188679245, 95.94339622641509, 96.83962264150944, 97.31132075471697, 97.78301886792453, 98.0188679245283, 98.5377358490566, 98.5377358490566, 98.63207547169812, 98.77358490566037, 98.77358490566037, 98.72641509433963, 98.9622641509434, 98.77358490566037, 98.91509433962264, 99.15094339622641, 99.24528301886792, 99.15094339622641, 99.4811320754717, 99.52830188679245, 99.38679245283019, 99.43396226415095, 99.5754716981132, 99.24528301886792, 99.66981132075472, 99.76415094339622, 99.81132075471699, 99.90566037735849, 99.76415094339622, 99.90566037735849, 99.71698113207546, 99.90566037735849, 99.95283018867924, 99.62264150943396, 99.90566037735849, 99.95283018867924, 99.90566037735849, 99.90566037735849, 100.0, 100.0, 100.0, 99.95283018867924, 99.95283018867924, 99.95283018867924, 100.0, 100.0], "validation_acc_arrows": [57.96296296296296, 76.11111111111111, 80.0, 84.07407407407408, 88.70370370370371, 89.62962962962962, 90.55555555555556, 91.66666666666666, 91.48148148148148, 92.5925925925926, 93.7037037037037, 95.74074074074073, 95.55555555555556, 95.18518518518519, 95.55555555555556, 95.92592592592592, 95.92592592592592, 96.48148148148148, 96.2962962962963, 96.66666666666667, 96.85185185185186, 96.85185185185186, 96.66666666666667, 96.2962962962963, 96.85185185185186, 96.85185185185186, 96.85185185185186, 96.85185185185186, 96.85185185185186, 96.85185185185186, 96.85185185185186, 96.66666666666667, 96.85185185185186, 96.85185185185186, 96.85185185185186, 96.85185185185186, 96.85185185185186, 97.03703703703704, 96.85185185185186, 97.03703703703704, 96.66666666666667, 97.03703703703704, 96.66666666666667, 96.85185185185186, 96.66666666666667, 96.85185185185186, 96.85185185185186, 96.66666666666667, 96.85185185185186, 96.85185185185186], "train_acc_image": [0.9433962264150941, 9.433962264150942, 11.32075471698113, 26.415094339622648, 33.01886792452831, 46.22641509433962, 52.83018867924528, 59.43396226415094, 61.32075471698113, 69.81132075471699, 72.64150943396226, 71.69811320754718, 73.58490566037736, 75.47169811320755, 75.47169811320755, 76.41509433962264, 79.24528301886792, 77.35849056603774, 78.30188679245282, 83.01886792452831, 84.90566037735849, 83.9622641509434, 89.62264150943396, 90.56603773584906, 87.73584905660378, 88.67924528301887, 92.45283018867924, 85.84905660377359, 93.39622641509435, 95.28301886792453, 96.22641509433963, 98.11320754716981, 95.28301886792453, 98.11320754716981, 94.33962264150944, 98.11320754716981, 99.05660377358491, 94.33962264150944, 98.11320754716981, 99.05660377358491, 98.11320754716981, 98.11320754716981, 100.0, 100.0, 100.0, 99.05660377358491, 99.05660377358491, 99.05660377358491, 100.0, 100.0], "validation_acc_image": [0.0, 0.0, 3.703703703703709, 11.111111111111116, 33.333333333333336, 14.814814814814813, 18.518518518518523, 29.629629629629626, 29.629629629629626, 33.333333333333336, 40.74074074074075, 48.14814814814815, 48.14814814814815, 44.44444444444444, 40.74074074074075, 40.74074074074075, 40.74074074074075, 44.44444444444444, 40.74074074074075, 44.44444444444444, 44.44444444444444, 40.74074074074075, 37.03703703703704, 37.03703703703704, 40.74074074074075, 44.44444444444444, 44.44444444444444, 44.44444444444444, 44.44444444444444, 44.44444444444444, 44.44444444444444, 40.74074074074075, 44.44444444444444, 44.44444444444444, 44.44444444444444, 44.44444444444444, 44.44444444444444, 48.14814814814815, 44.44444444444444, 48.14814814814815, 40.74074074074075, 48.14814814814815, 40.74074074074075, 44.44444444444444, 40.74074074074075, 44.44444444444444, 44.44444444444444, 40.74074074074075, 44.44444444444444, 44.44444444444444]}