{"epoch": [5, 10, 15, 20, 25, 30, 35, 40, 45, 50, 55, 60, 65, 70, 75, 80, 85, 90, 95, 100, 105, 110, 115, 120, 125, 130, 135, 140, 145, 150, 155, 160, 165, 170, 175, 180, 185, 190, 195, 200, 205, 210, 215, 220, 225, 230, 235, 240, 245, 250], "train_loss": [0.22061617920796076, 0.194622832039992, 0.18429836879173914, 0.160919318596522, 0.14614254981279373, 0.13116150225202242, 0.12447049717108409, 0.11056242013971011, 0.10721319913864136, 0.09723563740650813, 0.08714114998777707, 0.08356750756502151, 0.07355937485893567, 0.0690382079531749, 0.07100543876489003, 0.0687087948123614, 0.054449113085865974, 0.05923933535814285, 0.050748481725653015, 0.04977423201004664, 0.04059507263203462, 0.04349771824975809, 0.03785065437356631, 0.03537990525364876, 0.035106588465472065, 0.031145173124969006, 0.02828935068100691, 0.024347399982313316, 0.02732323668897152, 0.02408107587446769, 0.032816722678641476, 0.024240319306651752, 0.024084386726220448, 0.019756485087176163, 0.02113435386369626, 0.016231341287493706, 0.018261247780174017, 0.02634143161897858, 0.015574414438257614, 0.020384677220135927, 0.02377439538637797, 0.013256357206652561, 0.01133319828659296, 0.011246713809669018, 0.011966923251748085, 0.013551109936088324, 0.012135641183704138, 0.011660022273038825, 0.013189833456029495, 0.012659507570788264], "validation_loss": [0.006283459866919168, 0.006056208072639093, 0.004856862672945348, 0.004246378090323471, 0.0039573126449817565, 0.0036829888093762283, 0.0034389365010145233, 0.003194279423574122, 0.0029777172135143745, 0.002903533781447062, 0.0026979726262208893, 0.002557190816576888, 0.0024223725606755515, 0.002323993277258989, 0.0022257809958806853, 0.002056799829006195, 0.0019218545497917548, 0.0017760901189431912, 0.0017867604406868538, 0.0017468985624429657, 0.0016601994270231666, 0.001509734224982378, 0.0015093290769472355, 0.0015322807721975373, 0.0014484850008313248, 0.0014413676065642659, 0.0013759743149687604, 0.0013289847751943077, 0.0012820741025412956, 0.0012580854136769364, 0.0012085297849120163, 0.0011991116150123317, 0.0012157308619196823, 0.0011717292775468128, 0.0011704984779764966, 0.0011490226337095585, 0.0011625672440703323, 0.0011280069082248501, 0.001094581968173748, 0.00112310033745882, 0.0011329947993522736, 0.0011033547542444089, 0.0010834384437014416, 0.0010407492518424988, 0.001040297219666039, 0.0010245709521014515, 0.0010406730196824887, 0.001029789538645163, 0.0010432214816895927, 0.001014363656683666], "train_acc_arrows": [70.1219512195122, 81.09756097560977, 85.09146341463415, 89.32926829268293, 91.3719512195122, 92.7439024390244, 93.84146341463415, 94.57317073170731, 95.0, 95.73170731707317, 95.97560975609755, 96.21951219512195, 96.6158536585366, 97.07317073170731, 96.76829268292683, 96.70731707317073, 97.46951219512195, 97.71341463414635, 97.86585365853658, 98.07926829268293, 98.17073170731707, 97.89634146341464, 98.38414634146342, 98.32317073170732, 98.71951219512195, 98.50609756097562, 98.59756097560975, 98.8719512195122, 98.71951219512195, 98.9329268292683, 99.08536585365853, 99.20731707317073, 99.39024390243902, 99.23780487804879, 99.35975609756098, 99.51219512195122, 99.29878048780488, 99.35975609756098, 99.57317073170732, 99.54268292682927, 99.54268292682927, 99.6951219512195, 99.72560975609757, 99.78658536585367, 99.7560975609756, 99.6951219512195, 99.66463414634147, 99.66463414634147, 99.8780487804878, 99.78658536585367], "validation_acc_arrows": [46.46341463414634, 49.26829268292683, 77.6829268292683, 84.51219512195122, 86.82926829268293, 89.26829268292683, 89.75609756097562, 90.2439024390244, 91.46341463414635, 92.07317073170732, 92.5609756097561, 92.5609756097561, 93.04878048780488, 92.92682926829269, 93.29268292682926, 93.65853658536585, 94.39024390243902, 94.02439024390243, 94.51219512195121, 94.7560975609756, 94.6341463414634, 95.0, 94.8780487804878, 95.0, 95.0, 95.1219512195122, 94.6341463414634, 95.24390243902438, 95.1219512195122, 95.0, 95.0, 95.24390243902438, 95.24390243902438, 95.24390243902438, 95.0, 95.0, 95.0, 95.1219512195122, 95.48780487804878, 95.36585365853658, 95.36585365853658, 95.1219512195122, 95.48780487804878, 95.36585365853658, 95.0, 95.48780487804878, 95.0, 95.48780487804878, 95.1219512195122, 95.36585365853658], "train_acc_image": [8.536585365853655, 15.85365853658537, 23.78048780487805, 31.707317073170728, 30.487804878048784, 34.14634146341463, 38.41463414634146, 45.12195121951219, 48.78048780487805, 55.487804878048784, 58.53658536585367, 57.31707317073172, 62.19512195121951, 64.63414634146342, 63.41463414634146, 67.07317073170731, 73.17073170731707, 70.73170731707317, 75.0, 78.04878048780488, 76.82926829268293, 75.0, 80.48780487804879, 79.26829268292683, 84.14634146341463, 80.48780487804879, 82.31707317073172, 86.58536585365853, 82.92682926829268, 84.7560975609756, 87.8048780487805, 89.63414634146342, 90.85365853658537, 89.02439024390245, 91.46341463414635, 91.46341463414635, 89.02439024390245, 90.85365853658537, 93.29268292682926, 92.6829268292683, 93.29268292682926, 95.1219512195122, 94.51219512195121, 96.95121951219512, 95.73170731707317, 95.73170731707317, 93.90243902439023, 94.51219512195121, 97.5609756097561, 95.73170731707317], "validation_acc_image": [0.0, 4.878048780487809, 29.268292682926834, 31.707317073170728, 26.82926829268293, 29.268292682926834, 24.390243902439025, 29.268292682926834, 26.82926829268293, 29.268292682926834, 34.14634146341463, 34.14634146341463, 41.463414634146346, 41.463414634146346, 43.90243902439024, 39.02439024390244, 48.78048780487805, 41.463414634146346, 51.21951219512195, 48.78048780487805, 48.78048780487805, 56.09756097560976, 51.21951219512195, 51.21951219512195, 51.21951219512195, 56.09756097560976, 48.78048780487805, 53.65853658536586, 53.65853658536586, 51.21951219512195, 51.21951219512195, 51.21951219512195, 51.21951219512195, 56.09756097560976, 53.65853658536586, 53.65853658536586, 56.09756097560976, 51.21951219512195, 53.65853658536586, 53.65853658536586, 58.53658536585367, 53.65853658536586, 56.09756097560976, 53.65853658536586, 51.21951219512195, 58.53658536585367, 53.65853658536586, 56.09756097560976, 53.65853658536586, 56.09756097560976]}