{"epoch": [5, 10, 15, 20, 25, 30, 35, 40, 45, 50, 55, 60, 65, 70, 75, 80, 85, 90, 95, 100, 105, 110, 115, 120, 125, 130, 135, 140, 145, 150, 155, 160, 165, 170, 175, 180, 185, 190, 195, 200, 205, 210, 215, 220, 225, 230, 235, 240, 245, 250], "train_loss": [0.21802486181259156, 0.19620543122291564, 0.17646015286445618, 0.16640834212303163, 0.15171329379081727, 0.1392330378293991, 0.12683421820402146, 0.11984036415815354, 0.10784505158662797, 0.09762736409902573, 0.08991986066102982, 0.07990441918373108, 0.0781368300318718, 0.06862951964139938, 0.06695655286312104, 0.058607082813978195, 0.0564397357404232, 0.051678048074245454, 0.05304156392812729, 0.04971640184521675, 0.0458215281367302, 0.051366088539361955, 0.04295806214213371, 0.03925434201955795, 0.03472770191729069, 0.03325080722570419, 0.03236339315772056, 0.037143535912036896, 0.027855100855231286, 0.029259280860424043, 0.02612126022577286, 0.02940606139600277, 0.027315770834684373, 0.03161881417036057, 0.029045495390892028, 0.0208416648209095, 0.020204075425863267, 0.01682981662452221, 0.016018902510404588, 0.01867414191365242, 0.014991586469113827, 0.014837734960019588, 0.014223899319767952, 0.015345530211925506, 0.012008740566670895, 0.013812457583844662, 0.011779932491481303, 0.01825783122330904, 0.012958725169301032, 0.01230154000222683], "validation_loss": [0.007098674774169922, 0.006499197446938717, 0.006058403939911814, 0.00593576015848102, 0.005142789446946346, 0.004855238578536294, 0.004445030833735611, 0.004227621085716017, 0.003956163471395319, 0.0037731837594147883, 0.0035633368022514114, 0.003362270918759433, 0.003268685078982151, 0.003104606812650507, 0.0029918361793864856, 0.0027987681555025506, 0.0027283109498746467, 0.0025466339606227298, 0.0024564699693159623, 0.002507152205163782, 0.0023240270939740267, 0.0023322502772013345, 0.0022250012014851427, 0.002158546989614313, 0.0021351185260397015, 0.0020880931706139536, 0.0020078648671959386, 0.0020753267136487093, 0.0020030079917474227, 0.001981060839060581, 0.001903866050821362, 0.0019514781959129102, 0.001861884512684562, 0.0019444863904606211, 0.0018818984654816713, 0.0018096151902820125, 0.0016916684354796555, 0.0017749872623067913, 0.001742137200904615, 0.0017162073742259633, 0.0017397058281031523, 0.0016750597366780946, 0.0017108706136544545, 0.0016558848772988174, 0.0016526473742542844, 0.0016792676214015846, 0.001652925190600482, 0.0015563533613176057, 0.001613102514635433, 0.0015561638230627234], "train_acc_arrows": [75.42540561931143, 85.12069647803719, 89.51325682627622, 91.05658884052235, 92.99564701226751, 94.38068856351404, 95.56786703601108, 95.40957657301148, 95.48872180451127, 95.64701226751087, 95.60743965176098, 95.68658488326078, 96.08231104075979, 96.04273842500989, 96.1614562722596, 96.43846458250891, 96.51760981400871, 96.71547289275821, 97.03205381875742, 97.03205381875742, 97.30906212900673, 97.58607043925603, 97.66521567075583, 98.14008705975465, 97.90265136525524, 97.90265136525524, 98.33795013850416, 98.45666798575385, 98.65453106450336, 98.73367629600317, 98.93153937475267, 98.81282152750298, 98.97111199050256, 99.12940245350218, 99.12940245350218, 99.32726553225169, 99.44598337950139, 99.40641076375148, 99.44598337950139, 99.32726553225169, 99.6834190740008, 99.76256430550059, 99.6834190740008, 99.60427384250099, 99.7229916897507, 99.8417095370004, 99.6834190740008, 99.7229916897507, 99.76256430550059, 99.8021369212505], "validation_acc_arrows": [69.377990430622, 68.89952153110048, 76.55502392344498, 81.0207336523126, 87.5598086124402, 90.43062200956938, 90.59011164274322, 90.27113237639554, 90.43062200956938, 90.59011164274322, 91.06858054226475, 91.06858054226475, 90.59011164274322, 91.22807017543859, 90.9090909090909, 90.9090909090909, 91.06858054226475, 91.22807017543859, 91.38755980861244, 92.02551834130782, 91.86602870813397, 92.02551834130782, 92.02551834130782, 92.02551834130782, 92.34449760765551, 92.50398724082935, 92.6634768740032, 92.98245614035088, 92.98245614035088, 92.6634768740032, 93.14194577352472, 92.98245614035088, 92.82296650717703, 93.14194577352472, 92.82296650717703, 92.6634768740032, 92.82296650717703, 92.82296650717703, 92.6634768740032, 92.98245614035088, 92.98245614035088, 92.98245614035088, 92.98245614035088, 92.82296650717703, 92.82296650717703, 92.98245614035088, 92.82296650717703, 92.6634768740032, 92.98245614035088, 92.98245614035088], "train_acc_image": [3.759398496240607, 10.526315789473683, 17.29323308270677, 22.55639097744361, 27.06766917293233, 31.57894736842105, 42.10526315789473, 33.83458646616542, 42.10526315789473, 38.34586466165414, 42.10526315789473, 39.849624060150376, 41.35338345864662, 43.609022556390975, 43.609022556390975, 47.36842105263158, 47.36842105263158, 51.127819548872175, 54.88721804511278, 55.63909774436091, 57.14285714285714, 65.41353383458647, 63.90977443609023, 72.93233082706767, 67.66917293233084, 66.16541353383458, 73.6842105263158, 77.44360902255639, 78.94736842105263, 81.95488721804512, 82.70676691729324, 82.70676691729324, 84.9624060150376, 85.71428571428572, 87.96992481203007, 89.47368421052632, 90.22556390977444, 89.47368421052632, 90.22556390977444, 90.22556390977444, 94.73684210526316, 96.2406015037594, 94.73684210526316, 93.23308270676691, 95.48872180451127, 97.74436090225565, 96.2406015037594, 95.48872180451127, 96.99248120300751, 96.99248120300751], "validation_acc_image": [0.0, 0.0, 3.0303030303030276, 15.151515151515149, 15.151515151515149, 9.090909090909093, 9.090909090909093, 9.090909090909093, 9.090909090909093, 9.090909090909093, 12.121212121212121, 12.121212121212121, 12.121212121212121, 12.121212121212121, 9.090909090909093, 9.090909090909093, 9.090909090909093, 9.090909090909093, 9.090909090909093, 15.151515151515149, 18.181818181818176, 15.151515151515149, 18.181818181818176, 15.151515151515149, 18.181818181818176, 18.181818181818176, 21.212121212121215, 21.212121212121215, 21.212121212121215, 21.212121212121215, 18.181818181818176, 24.242424242424242, 21.212121212121215, 24.242424242424242, 18.181818181818176, 18.181818181818176, 18.181818181818176, 21.212121212121215, 18.181818181818176, 21.212121212121215, 21.212121212121215, 18.181818181818176, 18.181818181818176, 21.212121212121215, 18.181818181818176, 24.242424242424242, 18.181818181818176, 18.181818181818176, 18.181818181818176, 21.212121212121215]}