{"epoch": [5, 10, 15, 20, 25, 30, 35, 40, 45, 50, 55, 60, 65, 70, 75, 80, 85, 90, 95, 100, 105, 110, 115, 120, 125, 130, 135, 140, 145, 150, 155, 160, 165, 170, 175, 180, 185, 190, 195, 200, 205, 210, 215, 220, 225, 230, 235, 240, 245, 250], "train_loss": [0.19453337490558625, 0.16226453483104705, 0.13998444974422455, 0.12504163533449172, 0.10565478801727295, 0.10359165519475937, 0.08878604471683502, 0.08172325640916825, 0.07105909138917924, 0.06349186301231384, 0.05987593457102776, 0.052359297126531604, 0.046401020139455795, 0.048288124799728396, 0.037775392085313796, 0.04147590883076191, 0.033699510619044304, 0.030017364770174026, 0.029451154917478562, 0.03078433871269226, 0.030125007033348083, 0.022202397510409356, 0.023052002862095834, 0.017341955564916134, 0.019200519286096097, 0.018258121982216834, 0.015126313641667366, 0.01646213177591562, 0.011096213385462761, 0.01272651758044958, 0.011670007929205894, 0.011888041719794273, 0.021306034829467534, 0.009763283375650644, 0.00822657234966755, 0.007176000066101551, 0.019140540435910226, 0.0074506992474198345, 0.00630645826458931, 0.007668018527328968, 0.006321138981729746, 0.005426242854446173, 0.006209022179245949, 0.004580378020182252, 0.004855529638007283, 0.004970099497586489, 0.004395387275144458, 0.005156431440263986, 0.0033690805081278085, 0.006213359767571092], "validation_loss": [0.007539002334370333, 0.006741701680071214, 0.004630611223333022, 0.0039042422876638524, 0.0035606679670950945, 0.0032200898755999174, 0.0030442066490650177, 0.0028548635104123283, 0.0026373760226894825, 0.0024943914921844706, 0.002361392492757124, 0.0022689627812189214, 0.002144665183389888, 0.0020662265665390912, 0.0019636671332752004, 0.0019269949373076944, 0.001835816156338243, 0.0017846712075612124, 0.0017787573092124041, 0.0017407801659668192, 0.0016795242314829545, 0.0016344914979794446, 0.0016413355136618896, 0.0016139398383743623, 0.0015398136833134819, 0.0014889754135819042, 0.0014617901076288784, 0.0014471879557651631, 0.0014468147693311468, 0.0014347278458230635, 0.0013988122124882305, 0.0013886325280455982, 0.0014102071085396934, 0.001350637196617968, 0.0013482420540907804, 0.0013226767015807768, 0.0013535471961778752, 0.0013251738513217254, 0.0012919070089564605, 0.0013333373867413577, 0.0013044955318464951, 0.0013110791059101328, 0.0012775071184424793, 0.0012770998565589681, 0.001307870973558987, 0.001284516799975844, 0.001289653537027976, 0.001310347086366485, 0.001260516617228003, 0.0013334834400345298], "train_acc_arrows": [84.05797101449275, 93.15619967793882, 95.08856682769726, 95.24959742351047, 96.69887278582931, 96.05475040257649, 96.1352657004831, 97.58454106280193, 97.42351046698873, 97.82608695652173, 97.98711755233495, 98.06763285024155, 98.79227053140096, 98.06763285024155, 99.43639291465378, 98.79227053140096, 99.35587761674718, 99.59742351046698, 99.43639291465378, 99.27536231884058, 99.59742351046698, 99.8389694041868, 99.8389694041868, 100.0, 100.0, 99.7584541062802, 99.9194847020934, 99.8389694041868, 100.0, 100.0, 100.0, 100.0, 99.43639291465378, 100.0, 100.0, 100.0, 99.8389694041868, 100.0, 100.0, 100.0, 100.0, 100.0, 100.0, 100.0, 100.0, 100.0, 100.0, 100.0, 100.0, 100.0], "validation_acc_arrows": [39.869281045751634, 54.575163398692816, 88.56209150326796, 89.86928104575163, 90.52287581699346, 91.50326797385621, 92.81045751633987, 91.83006535947712, 92.48366013071896, 93.79084967320262, 93.79084967320262, 93.79084967320262, 93.79084967320262, 93.13725490196079, 94.77124183006535, 94.44444444444444, 94.77124183006535, 94.11764705882352, 95.09803921568627, 95.42483660130719, 94.77124183006535, 94.11764705882352, 93.79084967320262, 94.77124183006535, 94.11764705882352, 95.09803921568627, 95.09803921568627, 95.09803921568627, 94.77124183006535, 94.77124183006535, 94.77124183006535, 94.44444444444444, 94.11764705882352, 93.4640522875817, 94.77124183006535, 95.09803921568627, 94.44444444444444, 95.09803921568627, 94.77124183006535, 93.79084967320262, 95.09803921568627, 94.77124183006535, 95.42483660130719, 95.09803921568627, 94.77124183006535, 94.77124183006535, 96.07843137254902, 93.79084967320262, 94.77124183006535, 94.77124183006535], "train_acc_image": [36.95652173913043, 56.52173913043479, 69.56521739130434, 70.28985507246377, 76.08695652173914, 72.46376811594203, 71.73913043478262, 83.33333333333334, 81.88405797101449, 82.6086956521739, 86.95652173913044, 86.23188405797102, 90.57971014492753, 85.5072463768116, 94.92753623188406, 90.57971014492753, 94.20289855072464, 96.37681159420289, 94.92753623188406, 94.92753623188406, 97.10144927536231, 98.55072463768117, 98.55072463768117, 100.0, 100.0, 98.55072463768117, 99.27536231884058, 99.27536231884058, 100.0, 100.0, 100.0, 100.0, 97.10144927536231, 100.0, 100.0, 100.0, 99.27536231884058, 100.0, 100.0, 100.0, 100.0, 100.0, 100.0, 100.0, 100.0, 100.0, 100.0, 100.0, 100.0, 100.0], "validation_acc_image": [0.0, 0.0, 52.94117647058824, 52.94117647058824, 55.88235294117647, 55.88235294117647, 61.76470588235294, 55.88235294117647, 58.82352941176471, 61.76470588235294, 64.70588235294117, 64.70588235294117, 64.70588235294117, 61.76470588235294, 73.52941176470588, 73.52941176470588, 76.47058823529412, 70.58823529411764, 76.47058823529412, 79.41176470588236, 76.47058823529412, 70.58823529411764, 70.58823529411764, 70.58823529411764, 70.58823529411764, 67.64705882352942, 73.52941176470588, 73.52941176470588, 70.58823529411764, 73.52941176470588, 73.52941176470588, 70.58823529411764, 64.70588235294117, 67.64705882352942, 73.52941176470588, 73.52941176470588, 67.64705882352942, 73.52941176470588, 73.52941176470588, 67.64705882352942, 70.58823529411764, 73.52941176470588, 76.47058823529412, 73.52941176470588, 70.58823529411764, 70.58823529411764, 76.47058823529412, 70.58823529411764, 70.58823529411764, 70.58823529411764]}