{"epoch": [5, 10, 15, 20, 25, 30, 35, 40, 45, 50, 55, 60, 65, 70, 75, 80, 85, 90, 95, 100, 105, 110, 115, 120, 125, 130, 135, 140, 145, 150, 155, 160, 165, 170, 175, 180, 185, 190, 195, 200], "train_loss": [0.21011096239089966, 0.17916031554341316, 0.16247371956706047, 0.148113165050745, 0.13694201409816742, 0.1254987269639969, 0.11683428101241589, 0.10763151198625565, 0.09704936295747757, 0.0906431432813406, 0.08310501649975777, 0.07843189500272274, 0.0737233990803361, 0.06557551585137844, 0.05946269817650318, 0.059735349379479885, 0.05120271258056164, 0.04333458933979273, 0.03983915597200394, 0.03723789192736149, 0.03531125281006098, 0.028703538700938225, 0.025618709158152342, 0.025233402382582426, 0.025588702876120806, 0.020794749492779374, 0.018274666741490364, 0.018472987692803144, 0.0164079328533262, 0.01317343907430768, 0.013944416539743543, 0.011862516403198242, 0.010883160633966327, 0.009924627840518951, 0.010443632723763585, 0.014457202050834894, 0.007614502101205289, 0.008895302191376686, 0.006818408612161875, 0.00977929006330669], "validation_loss": [0.008472606025893113, 0.008843466125685593, 0.008554974506641257, 0.007177167925341376, 0.005579078505779135, 0.004896458880654697, 0.00459872032033986, 0.0043629448989342, 0.004211339457281704, 0.004019809437209162, 0.0038752828178734615, 0.00368586927652359, 0.003543666724500985, 0.003384918745221763, 0.0032697828679249205, 0.0031963034436620517, 0.0030678996238215216, 0.0029058302270955055, 0.0028606596691855067, 0.0027782112873833754, 0.002709935965209172, 0.0026257844834492125, 0.002608572614604029, 0.0025566492615074947, 0.0024922081622584112, 0.0024831449163371117, 0.002455994743725349, 0.0024656900044145256, 0.002416300619470662, 0.0023832377688638097, 0.002391134613546832, 0.002369852929279722, 0.00235014408826828, 0.00235662455188817, 0.0023650979173594506, 0.0023920142958904133, 0.0023485219170307292, 0.0023460115852027104, 0.00233100662971365, 0.002357209807839887], "train_acc_arrows": [78.83771929824562, 87.39035087719299, 90.6798245614035, 93.96929824561403, 94.4078947368421, 95.72368421052632, 95.94298245614034, 97.36842105263158, 97.91666666666666, 97.91666666666666, 98.35526315789474, 98.46491228070175, 98.79385964912281, 98.57456140350878, 99.01315789473685, 98.90350877192982, 99.3421052631579, 99.23245614035088, 99.4517543859649, 99.56140350877193, 99.78070175438597, 99.78070175438597, 99.89035087719299, 99.89035087719299, 99.78070175438597, 100.0, 100.0, 99.89035087719299, 99.89035087719299, 100.0, 100.0, 99.89035087719299, 99.89035087719299, 100.0, 100.0, 100.0, 100.0, 100.0, 100.0, 99.89035087719299], "validation_acc_arrows": [48.275862068965516, 48.275862068965516, 48.275862068965516, 62.93103448275862, 87.5, 89.22413793103449, 90.51724137931035, 90.94827586206897, 91.37931034482759, 90.94827586206897, 90.94827586206897, 90.94827586206897, 90.94827586206897, 91.8103448275862, 91.37931034482759, 90.94827586206897, 91.37931034482759, 90.94827586206897, 91.37931034482759, 91.37931034482759, 91.37931034482759, 91.8103448275862, 90.94827586206897, 91.37931034482759, 91.37931034482759, 91.37931034482759, 90.94827586206897, 91.37931034482759, 91.37931034482759, 91.37931034482759, 91.37931034482759, 91.8103448275862, 91.8103448275862, 91.37931034482759, 91.37931034482759, 91.8103448275862, 91.37931034482759, 91.37931034482759, 91.37931034482759, 91.8103448275862], "train_acc_image": [25.438596491228072, 44.73684210526315, 52.63157894736843, 62.28070175438596, 65.78947368421053, 72.80701754385966, 76.31578947368422, 81.57894736842105, 85.96491228070175, 85.08771929824562, 86.8421052631579, 89.47368421052632, 90.35087719298247, 88.59649122807018, 92.10526315789474, 91.22807017543859, 94.73684210526316, 93.85964912280701, 95.6140350877193, 96.49122807017544, 98.24561403508771, 98.24561403508771, 99.12280701754386, 99.12280701754386, 98.24561403508771, 100.0, 100.0, 99.12280701754386, 99.12280701754386, 100.0, 100.0, 99.12280701754386, 99.12280701754386, 100.0, 100.0, 100.0, 100.0, 100.0, 100.0, 99.12280701754386], "validation_acc_image": [24.13793103448276, 24.13793103448276, 24.13793103448276, 27.586206896551722, 55.172413793103445, 48.275862068965516, 55.172413793103445, 58.62068965517242, 55.172413793103445, 58.62068965517242, 55.172413793103445, 51.72413793103448, 58.62068965517242, 58.62068965517242, 58.62068965517242, 58.62068965517242, 58.62068965517242, 55.172413793103445, 58.62068965517242, 58.62068965517242, 58.62068965517242, 58.62068965517242, 55.172413793103445, 55.172413793103445, 55.172413793103445, 55.172413793103445, 51.72413793103448, 55.172413793103445, 55.172413793103445, 55.172413793103445, 55.172413793103445, 58.62068965517242, 58.62068965517242, 55.172413793103445, 55.172413793103445, 58.62068965517242, 55.172413793103445, 55.172413793103445, 55.172413793103445, 58.62068965517242]}