{"epoch": [5, 10, 15, 20, 25, 30, 35, 40, 45, 50, 55, 60, 65, 70, 75, 80, 85, 90, 95, 100, 105, 110, 115, 120, 125, 130, 135, 140, 145, 150, 155, 160, 165, 170, 175, 180, 185, 190, 195, 200], "train_loss": [0.23873833194375038, 0.22318748757243156, 0.20987578853964806, 0.19736575335264206, 0.18622024357318878, 0.1759023331105709, 0.1653560772538185, 0.1552387848496437, 0.146382886916399, 0.13437046110630035, 0.12606297992169857, 0.11664986610412598, 0.10946070402860641, 0.10404757224023342, 0.09361140988767147, 0.08437088131904602, 0.07857037149369717, 0.07386774569749832, 0.07040761597454548, 0.06440221983939409, 0.05812768545001745, 0.055205692537128925, 0.050794320181012154, 0.04715859144926071, 0.045647635124623775, 0.04330191481858492, 0.03888982394710183, 0.04214150458574295, 0.03615836100652814, 0.03510502399876714, 0.034820342902094126, 0.0350156594067812, 0.031744551844894886, 0.028540715109556913, 0.02929932763800025, 0.025551449973136187, 0.026117139030247927, 0.024755211547017097, 0.0229832511395216, 0.022744392976164818], "validation_loss": [0.009212225675582886, 0.009301586874893733, 0.008642801748854774, 0.0077580468995230535, 0.007154196500778198, 0.006783440176929746, 0.006486326988254275, 0.006150597440344947, 0.005844307265111378, 0.005565217563084194, 0.005297397928578513, 0.005043260220970426, 0.004817229296479907, 0.004575964063405991, 0.004365642954196248, 0.00424879150731223, 0.004048518570406097, 0.003951029319848333, 0.003823694373880114, 0.00375143757888249, 0.0036281381866761614, 0.0035624136882168905, 0.0035141142351286753, 0.0033609566411801745, 0.003313640664730753, 0.0032325160822698046, 0.0031845388667924063, 0.0031398143619298935, 0.0030594217990125927, 0.003014783508011273, 0.002963220700621605, 0.0028985637639250073, 0.002909303775855473, 0.0028836484998464584, 0.0028014640722955975, 0.0027780681848526, 0.0027637590787240435, 0.0027021323995930807, 0.0026828646659851074, 0.002629452518054417], "train_acc_arrows": [61.0098906819365, 71.47319104633003, 77.71993753253514, 83.34200937011973, 87.03800104112442, 89.38053097345133, 91.3586673607496, 91.3586673607496, 92.45184799583551, 93.12857886517438, 93.70119729307652, 93.80530973451327, 94.69026548672566, 94.48204060385216, 95.0546590317543, 95.31494013534618, 96.19989588755857, 95.83550234252994, 96.40812077043208, 96.7725143154607, 97.03279541905258, 97.08485163977095, 97.1889640812077, 97.50130140551796, 97.29307652264445, 97.76158250910983, 97.50130140551796, 97.55335762623633, 97.96980739198334, 98.33420093701197, 97.86569495054658, 97.76158250910983, 98.2821447162936, 98.6985944820406, 98.49036959916711, 98.80270692347736, 98.75065070275897, 98.85476314419573, 99.06298802706924, 99.06298802706924], "validation_acc_arrows": [48.73949579831933, 51.05042016806722, 61.76470588235294, 71.00840336134453, 79.41176470588236, 83.61344537815127, 84.45378151260505, 85.29411764705883, 85.92436974789916, 86.76470588235294, 87.81512605042016, 88.02521008403362, 88.65546218487394, 89.28571428571429, 89.91596638655463, 90.33613445378151, 90.75630252100841, 91.17647058823529, 91.59663865546219, 92.22689075630252, 92.01680672268908, 92.64705882352942, 93.27731092436974, 92.64705882352942, 93.4873949579832, 93.4873949579832, 93.0672268907563, 93.27731092436974, 93.27731092436974, 93.69747899159664, 93.69747899159664, 93.4873949579832, 93.27731092436974, 93.0672268907563, 93.69747899159664, 93.0672268907563, 93.0672268907563, 92.85714285714286, 93.27731092436974, 93.4873949579832], "train_acc_image": [7.079646017699115, 11.504424778761058, 12.389380530973447, 11.504424778761058, 17.699115044247794, 23.008849557522126, 38.05309734513275, 32.743362831858406, 38.93805309734514, 45.13274336283186, 41.5929203539823, 46.01769911504425, 48.67256637168141, 49.557522123893804, 53.98230088495575, 54.86725663716814, 63.716814159292035, 63.716814159292035, 64.60176991150442, 68.14159292035397, 69.91150442477876, 69.02654867256636, 70.79646017699115, 72.56637168141593, 69.91150442477876, 73.45132743362832, 70.79646017699115, 75.2212389380531, 76.99115044247787, 80.53097345132744, 77.87610619469027, 76.99115044247787, 81.41592920353982, 87.61061946902655, 84.95575221238938, 86.72566371681415, 86.72566371681415, 90.2654867256637, 90.2654867256637, 91.1504424778761], "validation_acc_image": [0.0, 0.0, 0.0, 10.71428571428571, 17.85714285714286, 21.42857142857143, 17.85714285714286, 14.28571428571429, 17.85714285714286, 21.42857142857143, 25.0, 25.0, 28.57142857142857, 25.0, 28.57142857142857, 28.57142857142857, 25.0, 25.0, 28.57142857142857, 35.71428571428571, 28.57142857142857, 35.71428571428571, 32.14285714285714, 28.57142857142857, 35.71428571428571, 32.14285714285714, 35.71428571428571, 39.28571428571429, 32.14285714285714, 35.71428571428571, 39.28571428571429, 32.14285714285714, 35.71428571428571, 28.57142857142857, 35.71428571428571, 28.57142857142857, 32.14285714285714, 28.57142857142857, 35.71428571428571, 32.14285714285714]}