{"epoch": [5, 10, 15, 20, 25, 30, 35, 40, 45, 50, 55, 60, 65, 70, 75, 80, 85, 90, 95, 100, 105, 110, 115, 120, 125, 130, 135, 140, 145, 150, 155, 160, 165, 170, 175, 180, 185, 190, 195, 200], "train_loss": [0.2394116409122944, 0.22518175467848778, 0.214958805590868, 0.2049494944512844, 0.19632640108466148, 0.1871868558228016, 0.17826872318983078, 0.1675986908376217, 0.15928122401237488, 0.15032785758376122, 0.13841978460550308, 0.1270799171179533, 0.11691573821008205, 0.10895840264856815, 0.09983143955469131, 0.08995783142745495, 0.08066919073462486, 0.07395538873970509, 0.07054653763771057, 0.06688216514885426, 0.05865087639540434, 0.05257846228778362, 0.050213984213769436, 0.0446534613147378, 0.03945732768625021, 0.039920296519994736, 0.03352627158164978, 0.031157787423580885, 0.03125528059899807, 0.027466682251542807, 0.028164762072265148, 0.02625944744795561, 0.025037984363734722, 0.0227807960473001, 0.02395845903083682, 0.019650655332952738, 0.019590338226407766, 0.0182767859660089, 0.018100228626281023, 0.016283406177535653], "validation_loss": [0.007953135236617058, 0.007988843225663709, 0.007352526630124738, 0.006890216662037757, 0.006652401339623236, 0.00637444709577868, 0.0060223614977252095, 0.0056909664023307065, 0.0052986539179278955, 0.004946888454498783, 0.004625689598821824, 0.0043239338744071225, 0.004031525504204535, 0.0037080465305236077, 0.00341363852062533, 0.003125502938224423, 0.0028895432910611553, 0.0026689928866201833, 0.0024433647913317527, 0.002329719162756397, 0.00215798472204516, 0.0020965373804492336, 0.0019394975275762619, 0.0019156238244425867, 0.0018750906230941896, 0.0017825298972668187, 0.0017305094628564774, 0.0016637662005039953, 0.0016427235978264962, 0.001592201090628101, 0.0015629481884741013, 0.001545064031116424, 0.0014943804952406113, 0.0014593858392007888, 0.0014362348423850152, 0.0014018761294503366, 0.00137338787317276, 0.001419522108570222, 0.001389343531862382, 0.0013858363513023623], "train_acc_arrows": [59.31677018633541, 68.944099378882, 74.8792270531401, 79.74465148378191, 82.95376121463079, 85.2311939268461, 86.88750862663906, 89.19944789510006, 90.57971014492753, 91.95997239475501, 93.09868875086266, 94.34092477570738, 95.10006901311249, 95.65217391304348, 96.37681159420289, 96.72187715665976, 96.79089026915115, 96.75638371290545, 96.96342305037957, 97.3775017253278, 97.51552795031056, 97.82608695652173, 97.688060731539, 98.10213940648723, 98.10213940648723, 98.34368530020704, 98.51621808143547, 98.79227053140096, 98.65424430641822, 98.82677708764666, 98.82677708764666, 98.89579020013802, 99.06832298136646, 99.17184265010351, 99.20634920634922, 99.30986887508627, 99.37888198757764, 99.06832298136646, 99.37888198757764, 99.51690821256038], "validation_acc_arrows": [55.11921458625526, 50.49088359046283, 66.7601683029453, 73.492286115007, 76.85834502103786, 79.38288920056101, 83.30995792426367, 86.11500701262273, 86.81626928471249, 90.18232819074335, 91.72510518934082, 93.26788218793828, 93.26788218793828, 94.95091164095372, 95.65217391304348, 95.93267882187938, 96.21318373071529, 96.63394109396914, 96.4936886395512, 96.4936886395512, 96.63394109396914, 96.21318373071529, 96.21318373071529, 95.79242636746143, 95.51192145862552, 95.79242636746143, 95.65217391304348, 95.37166900420758, 95.37166900420758, 95.23141654978961, 95.23141654978961, 95.23141654978961, 95.23141654978961, 95.51192145862552, 95.37166900420758, 95.79242636746143, 95.51192145862552, 95.37166900420758, 95.51192145862552, 95.51192145862552], "train_acc_image": [0.0, 0.0, 4.761904761904767, 6.349206349206349, 10.317460317460315, 11.904761904761907, 19.047619047619047, 23.015873015873012, 29.36507936507936, 32.53968253968254, 38.095238095238095, 45.238095238095234, 47.61904761904761, 46.82539682539682, 46.03174603174603, 49.20634920634921, 51.58730158730158, 49.20634920634921, 50.79365079365079, 56.34920634920635, 57.14285714285714, 57.14285714285714, 57.14285714285714, 63.49206349206349, 64.28571428571428, 67.46031746031747, 71.42857142857143, 80.95238095238095, 76.19047619047619, 78.57142857142857, 78.57142857142857, 79.36507936507937, 82.53968253968253, 85.71428571428572, 84.92063492063492, 86.5079365079365, 88.88888888888889, 80.15873015873017, 87.3015873015873, 88.88888888888889], "validation_acc_image": [0.0, 0.0, 0.0, 0.0, 0.0, 3.2258064516129004, 16.129032258064512, 9.677419354838712, 19.354838709677423, 22.580645161290324, 32.25806451612904, 29.032258064516125, 35.483870967741936, 32.25806451612904, 35.483870967741936, 35.483870967741936, 41.93548387096774, 48.38709677419355, 45.16129032258065, 45.16129032258065, 45.16129032258065, 41.93548387096774, 38.70967741935484, 38.70967741935484, 38.70967741935484, 38.70967741935484, 38.70967741935484, 35.483870967741936, 35.483870967741936, 35.483870967741936, 35.483870967741936, 35.483870967741936, 35.483870967741936, 38.70967741935484, 38.70967741935484, 45.16129032258065, 38.70967741935484, 38.70967741935484, 41.93548387096774, 38.70967741935484]}