{"epoch": [5, 10, 15, 20, 25, 30, 35, 40, 45, 50, 55, 60, 65, 70, 75, 80, 85, 90, 95, 100, 105, 110, 115, 120, 125, 130, 135, 140, 145, 150, 155, 160, 165, 170, 175, 180, 185, 190, 195, 200], "train_loss": [0.22787491083145142, 0.203807133436203, 0.187063068151474, 0.17208525240421296, 0.1554984986782074, 0.14265360534191132, 0.1345001444220543, 0.13434265553951263, 0.10875965654850006, 0.10707460641860962, 0.09113340526819229, 0.07969160228967667, 0.07614263445138932, 0.07117539569735527, 0.06144151166081428, 0.06354565247893333, 0.04865709096193314, 0.04319302886724472, 0.04539778903126716, 0.044438555091619494, 0.0355838518589735, 0.032557974010705946, 0.03212296068668365, 0.02701056972146034, 0.02772291898727417, 0.02351486645638943, 0.018422580696642397, 0.021232047863304616, 0.017643608339130878, 0.016086817346513273, 0.014466344937682151, 0.016453047655522822, 0.025124569050967695, 0.012255234271287918, 0.015501914732158183, 0.009363489970564843, 0.01038782149553299, 0.008619645517319441, 0.009954758640378713, 0.007888076826930046], "validation_loss": [0.008271183161174549, 0.007794012918191797, 0.006490411127314848, 0.005703467656584347, 0.005400971016463111, 0.005168980973608354, 0.004796708769658033, 0.004619970917701721, 0.004352291278979357, 0.0040796030970180735, 0.0039011608151828542, 0.003663654493934968, 0.0034407828660572275, 0.0032501902212114897, 0.003075479365446988, 0.003001198172569275, 0.0028194883728728574, 0.002725406385519925, 0.002698606866247514, 0.002498864251024583, 0.0025220951613257915, 0.0024532110375516556, 0.0023327890564413633, 0.0023481372524710264, 0.0022789277136325836, 0.002220052349216798, 0.002190211239983054, 0.0022032911724904005, 0.002149169716764899, 0.0021340781274963826, 0.0020576691364540775, 0.0020772043396444883, 0.0020525006248670466, 0.001929678680265651, 0.0019320516901857713, 0.0019457728108939003, 0.0018930093330495497, 0.0019389373414656695, 0.0018648130490499385, 0.0018015289131332846], "train_acc_arrows": [63.365539452495966, 79.14653784219001, 86.55394524959743, 89.93558776167473, 91.54589371980676, 92.19001610305958, 93.23671497584542, 92.8341384863124, 94.36392914653784, 94.12238325281803, 94.44444444444444, 95.00805152979066, 95.57165861513688, 96.05475040257649, 96.2157809983897, 97.26247987117553, 97.58454106280193, 98.47020933977456, 98.63123993558777, 98.47020933977456, 99.11433172302738, 99.27536231884058, 99.11433172302738, 99.51690821256038, 99.8389694041868, 99.6779388083736, 100.0, 99.6779388083736, 100.0, 100.0, 100.0, 99.9194847020934, 99.51690821256038, 99.9194847020934, 99.9194847020934, 99.9194847020934, 100.0, 100.0, 100.0, 100.0], "validation_acc_arrows": [54.575163398692816, 55.55555555555556, 64.05228758169935, 75.16339869281046, 77.77777777777779, 79.73856209150327, 84.31372549019608, 84.31372549019608, 84.640522875817, 84.9673202614379, 86.60130718954248, 87.90849673202614, 88.56209150326796, 88.88888888888889, 89.54248366013073, 88.88888888888889, 90.19607843137256, 90.19607843137256, 90.52287581699346, 89.21568627450979, 90.52287581699346, 90.52287581699346, 91.50326797385621, 90.84967320261438, 91.17647058823529, 91.83006535947712, 92.15686274509804, 92.48366013071896, 93.79084967320262, 92.15686274509804, 92.81045751633987, 92.48366013071896, 92.15686274509804, 92.81045751633987, 93.79084967320262, 93.13725490196079, 93.4640522875817, 93.13725490196079, 94.11764705882352, 94.11764705882352], "train_acc_image": [17.391304347826086, 32.608695652173914, 42.028985507246375, 48.550724637681164, 49.27536231884058, 47.10144927536232, 50.72463768115942, 52.89855072463768, 56.52173913043479, 55.072463768115945, 57.971014492753625, 59.42028985507246, 65.94202898550725, 68.11594202898551, 69.56521739130434, 78.98550724637681, 79.71014492753623, 86.95652173913044, 88.40579710144928, 87.68115942028986, 93.47826086956522, 94.20289855072464, 92.7536231884058, 96.37681159420289, 98.55072463768117, 97.10144927536231, 100.0, 97.82608695652173, 100.0, 100.0, 100.0, 99.27536231884058, 97.10144927536231, 99.27536231884058, 99.27536231884058, 99.27536231884058, 100.0, 100.0, 100.0, 100.0], "validation_acc_image": [17.647058823529417, 20.588235294117652, 23.529411764705888, 35.29411764705882, 47.05882352941176, 41.17647058823529, 44.11764705882353, 44.11764705882353, 38.23529411764706, 38.23529411764706, 41.17647058823529, 50.0, 44.11764705882353, 50.0, 47.05882352941176, 47.05882352941176, 44.11764705882353, 44.11764705882353, 47.05882352941176, 41.17647058823529, 50.0, 50.0, 50.0, 50.0, 50.0, 55.88235294117647, 58.82352941176471, 58.82352941176471, 61.76470588235294, 58.82352941176471, 61.76470588235294, 58.82352941176471, 58.82352941176471, 55.88235294117647, 61.76470588235294, 64.70588235294117, 58.82352941176471, 61.76470588235294, 64.70588235294117, 64.70588235294117]}